{"nadirPoint": [2.792998138217674, 16.85763999180097], "idealPoint": [0.12740000068301532, 2.0710413260698983], "origValueddPF": [[2.792998138217674, 2.0710413260698983], [0.12740000068301532, 16.85763999180097], [0.1413181094021754, 15.03669481147865], [1.3534800204284503, 2.784291614371494], [0.44172179064248074, 6.895161299254937], [2.282839807531353, 2.129724450006657], [0.8595477276569164, 4.1118220929666665], [0.201375217904534, 11.275570921679929], [1.7636864686246847, 2.1956232320921276], [2.6809954770347555, 2.0834817907413408], [0.2938363898771703, 9.058491509769704], [0.15843998963654388, 13.429232371483925], [0.6577317001802672, 5.107247485804544], [1.0811534569509793, 3.3872397971929433], [0.13013034621005445, 16.310809289062544], [1.310655891147635, 2.8644742573592143], [1.5437531440798733, 2.4763106029893955], [0.21603474886481847, 10.854365019104383], [0.35192696185513944, 8.065349150760222], [0.532095133545817, 6.01222351384209], [0.1514549295827464, 14.041872007496588], [0.16989555416996727, 12.532030251937808], [2.4351610273507363, 2.111644073002083], [0.254342694436274, 9.89282324178902], [0.956646483301976, 3.759452941586734], [1.270370250206033, 2.9442373183064494], [2.1284379351442166, 2.1486116624837552], [1.6634993994366156, 2.315144482403449], [0.7600380523571334, 4.548763375028455], [1.4413827781021695, 2.63300830153865], [2.792208044723355, 2.07113685417913], [1.169363899280686, 3.165217336597878], [1.8740154321840983, 2.1807994148523604], [0.596620270048288, 5.510378245020177], [0.1344156020404583, 15.798258864549899], [0.48716225786285394, 6.419338838854679], [2.5034643269906813, 2.103696961425184], [0.40420441485417347, 7.336549770774044], [0.14785132622890032, 14.380173845225933], [0.16674864462152497, 12.76915662555307], [0.18269112902847148, 11.862256209956689], [2.586661333323513, 2.0941459236743154], [0.32177967411762687, 8.552598035693633], [0.7962602483757081, 4.37936539383005], [1.6045057726945864, 2.3918365969636928], [0.8989279147106081, 3.961242684886611], [0.23530542788274028, 10.34700261681697], [1.0251009413620784, 3.545259194239348], [0.2740971968909676, 9.455402121785207], [1.7329167688714682, 2.2309737969757477], [0.1371839437301369, 15.483807089676567], [1.494452669544371, 2.549378287219832], [0.7013632615092985, 4.852825279256616], [2.366981734647496, 2.1196725967414767], [1.9175978931918025, 2.175164828788004], [1.130172540824468, 3.2601588298417314], [0.1443767933701837, 14.722070254669417], [2.2403351838545014, 2.1348502557044755], [1.2265960358425132, 3.036099163278876], [0.1615640752956018, 13.172129776513076], [2.0688751766277553, 2.1559658839371667], [0.5681173681545206, 5.721332200712267], [0.6215893060207209, 5.337958329893622], [0.3849348088125819, 7.588400000779963], [0.12761935930256238, 16.62678475877839], [1.7956349118735289, 2.191051145804458], [1.3970090452121577, 2.7072630279742778], [0.1553894205744989, 13.690124754311174], [2.7250411669287784, 2.0785612312989854], [0.36799815245576895, 7.824480933460219], [2.182108027689978, 2.141946403428799], [0.8301927955691591, 4.231735551617467], [0.3066102702988086, 8.821385698728346], [0.3427277856954071, 8.205361787501252], [0.2491557456400189, 10.009574360568562], [0.19337202746653911, 11.519614317915634], [1.6834789129859584, 2.29027579306441], [0.1735789148707737, 12.268371714496455], [0.937417805952876, 3.8243526403351025], [0.2689611791631248, 9.565058653271844], [0.1765283040979476, 12.072272272308512], [0.46582873003407094, 6.632576568930096], [1.320471822430023, 2.8456914728911755], [0.22823752579097753, 10.527030629141672], [0.132472061233851, 16.02670641844346], [0.5226000127007491, 6.09389659013855], [0.16396008021185546, 12.981476103141826], [0.32917783542694656, 8.425271140163076], [2.5588218776421834, 2.097326167086488], [1.0464987244150359, 3.483227993075193], [2.323588389820391, 2.124833941515618], [0.42169602481993074, 7.121988225416559], [0.1496764344348307, 14.206835964547126], [0.21034733136474362, 11.016413031616487], [0.9772067810532216, 3.694214359417606], [0.13988345718233378, 15.188919691370705], [1.8473949506638956, 2.1842635671849653], [1.7007309436205567, 2.269226703263926], [2.396760838420034, 2.116153731167464], [1.4747920909845103, 2.579732999132607], [0.7253510979280061, 4.7237334191649225], [1.9572942693527735, 2.1700736511030794], [1.5289203899076718, 2.4978495307017052], [2.645971680551658, 2.087420817929573], [1.000002890251883, 3.6208954306926464], [1.6205491305179986, 2.3704820247673073], [0.18760852670343223, 11.702610280961736], [0.45164937987777026, 6.785836668507912], [0.6324629016996883, 5.266200476493047], [0.2875882699566375, 9.180477093889015], [1.3802116476512787, 2.7364792245362857], [0.6864758188976591, 4.93655548843247], [0.1430308143261192, 14.858896250831389], [0.5040822480936548, 6.259723946945635], [1.114051149399249, 3.3008884083288463], [0.7777186674363424, 4.464475404841432], [0.15331394978273039, 13.87346276019792], [2.0952844982283425, 2.1526697528888983], [0.5554995529581535, 5.8199673456190535], [1.412611311045568, 2.6806810262926044], [0.14533380788057104, 14.626299332388522], [0.9180306585120356, 3.892101191297324], [2.4552849138082524, 2.1092923737882456], [1.2056571387891584, 3.0820977988990035], [1.1504476534024344, 3.2103408256876818], [2.014841848185721, 2.162761082680508], [1.9842107109865648, 2.1666432821758073], [1.5623908412949974, 2.4497688125585193], [0.13525351137022437, 15.701747033226361], [2.346472554376816, 2.122129378899494], [0.8142620955232645, 4.2997837480980445], [0.1313080931392696, 16.166681108036737], [1.247984144521459, 2.990510198195652], [0.16831812456662612, 12.648431799127199], [0.41325853716838606, 7.226870547727086], [0.6453927471868208, 5.183340850812401], [0.7424180825816462, 4.635993334310144], [0.16525832070611568, 12.88045498907972], [1.2945943720246738, 2.8957523139799246], [0.16278635714550466, 13.074181300663506], [0.8787417945062534, 4.037024295668378], [2.1597666795757116, 2.1446893230372965], [0.13348790368480268, 15.9064903602284], [1.0672398912833354, 3.425134196987751], [0.24553069463220317, 10.097300952547211], [0.20621142478406043, 11.133043140699817], [1.4572344437000735, 2.607459406809074], [0.1568047884364502, 13.56783827652557], [0.3595615795183498, 7.94887349530772], [0.2217156435528789, 10.699482666718456], [0.30004322790679055, 8.940482629305487], [2.611468962466954, 2.0913241961719633], [0.39498402850262443, 7.4549363818552505], [1.5135341132422429, 2.5205926707918564], [0.7122832193527778, 4.794136363388122], [0.1290856654987681, 16.440965570326377], [0.13816779315680117, 15.375012988014245], [1.1856762147334121, 3.127310496591617], [0.5129748078824458, 6.178980873137371], [2.5329075746887333, 2.100300805854232], [0.609875370556091, 5.419635761050801], [2.477341424897501, 2.106724890607996], [1.7490947697718255, 2.212227401407958], [2.700455356603939, 2.081303407867706], [0.5817396968706994, 5.618534478231965], [1.8981237350939606, 2.1776765558137305], [0.1716611413276989, 12.404262522882053], [2.215952624437441, 2.1378131181235283], [1.6455796696648026, 2.337915903663645], [0.4317970999926904, 7.0039785106245995], [1.3680793022932864, 2.7579748935664976], [0.2580725229217138, 9.804147987384692], [0.3125842387739813, 8.711181535761614], [0.14637711615571875, 14.52328835674143], [2.264042171795102, 2.131982616854221], [0.15987503102008999, 13.309910234635996], [0.2632253254717679, 9.689810072070667], [1.6315933070633857, 2.3560018744227142], [2.762493876669364, 2.07440740891729], [1.5816434686933971, 2.4229409929447314], [0.6714603255779793, 5.023980576150974], [1.4257285245422737, 2.6587333603344794], [1.0973213708635186, 3.3442440669764126], [0.336574764595574, 8.30378539886415], [0.19768714967969, 11.386734912487542], [1.7179789668596281, 2.248564784758279], [0.4942468968790222, 6.351526071579391], [2.4180924239843224, 2.11364496613931], [0.2408820306829637, 10.20803647969273], [1.9337533445083726, 2.1730886504345617], 