{"nadirPoint": [0.09999772377929803, 99999.96358956872], "idealPoint": [0.004037126349808165, 1712.3748251192858], "origValueddPF": [[0.09999772377929803, 1712.3748251192858], [0.004037126349808165, 99999.96358956872], [0.0698008813189873, 2482.6969514192006], [0.006082738172161272, 47766.60229319825], [0.03041088449439333, 6007.308255685971], [0.004229365004666742, 89735.7098767428], [0.09307789323615227, 1843.4289388299983], [0.013060089157256632, 16050.771377611307], [0.05024555698132461, 3502.9542449241635], [0.004680601051993092, 75428.31172571426], [0.07757403015371252, 2225.5524934466675], [0.007491126684731977, 34449.21135878393], [0.019593815594184827, 9912.11969320434], [0.08529934746049733, 2016.9583064080882], [0.060080395975319875, 2906.304437671439], [0.04143600005198835, 4313.050147107386], [0.004066488273418715, 98144.86796462681], [0.09953159680845755, 1720.6090058308018], [0.005447696830108246, 57835.016359643036], [0.00441470231270532, 82843.65165023334], [0.02289072234669849, 8286.411514729569], [0.008904991552932532, 26716.584841134012], [0.08179795154634188, 2106.2045484683554], [0.06641870535901258, 2614.295587695776], [0.08919969397910278, 1926.0469308418537], [0.038274143692936545, 4683.424643782017], [0.05472026743189209, 3201.827972669991], [0.09570288911118079, 1791.417008951404], [0.04495691305690894, 3957.1612605020655], [0.010531969735413817, 21190.12076690331], [0.06382176088499075, 2725.311372319869], [0.016228110017501, 12378.527193499234], [0.0741075137870475, 2332.932481416593], [0.004932035048485382, 67445.81704656946], [0.03436229260865757, 5304.724635948401], [0.02735165185562845, 6795.409584947652], [0.006790390210814669, 40725.81159398501], [0.004136740324062084, 94228.19643645559], [0.0058097109318537826, 51078.03743694704], [0.011325353088208577, 19249.160629643153], [0.08782820121476399, 1957.0651547790258], [0.004038696304952783, 99938.7138988618], [0.004631812221613273, 76589.44468495627], [0.04737978056706089, 3736.6384068999337], [0.009825424145929709, 23783.92912603204], [0.008323215138201489, 29387.162157716597], [0.08006577268902822, 2153.3410503998707], [0.09082507528667247, 1890.536299203399], [0.02430270334429614, 7703.198564738535], [0.07149832732936706, 2421.3664376669053], [0.07613475028525224, 2268.558867978056], [0.0974163843847705, 1759.0202405363311], [0.0941396368590479, 1822.0319192287807], [0.05759380936638105, 3035.555015593145], [0.004532868881889649, 79169.85440977899], [0.08346863332908769, 2062.656132659524], [0.004796331830498862, 72669.25901159618], [0.01822313789127832, 10713.656850585681], [0.028347276080243664, 6513.367807123962], [0.004301736713424368, 86786.75296507463], [0.006371635345314535, 44547.93819532275], [0.004194857964759106, 91300.78284774254], [0.053577440996173634, 3274.0668102845593], [0.0431832836009284, 4113.53883830593], [0.005169389297663916, 62254.415519862545], [0.06846792075419603, 2532.8798908069543], [0.0362101121468153, 4984.11090265067], [0.01446014585951146, 14132.340379860176], [0.00791686171429183, 31733.126373201398], [0.004102319310164394, 96061.93391210295], [0.09673650474961443, 1771.7333712185844], [0.06296194900546256, 2764.9553677083045], [0.03962271784962199, 4514.990536269449], [0.04982329801535816, 3534.321072382793], [0.06525804173814183, 2664.806831993391], [0.02047606041241122, 9543.45131821466], [0.0969637093071774, 1767.4644569169882], [0.007230104290833685, 36681.48225843857], [0.005335172055700956, 60125.53760094859], [0.056151239536040995, 3116.1635182385726], [0.08584957176197133, 2003.6168691410694], [0.0048500315377576755, 70335.67416481218], [0.005593109918499239, 54527.368279978946], [0.07282578165540445, 2375.552668621632], [0.06170683589527125, 2822.9369292426504], [0.02584460106634586, 7201.35890733298], [0.009438349599642048, 24612.305724272], [0.017567284909652876, 11189.178767290714], [0.09782728762111716, 1751.4247969360251], [0.046176487807985486, 3843.8131551232254], [0.05936904698388178, 2940.5862286467072], [0.07838251306073475, 2201.212564718716], [0.010167076013283063, 22286.024537101177], [0.029422248883692582, 6229.230278064862], [0.05157888100571951, 3407.4653493799174], [0.09205127020564509, 1864.6095936347099], [0.08647595757375269, 1988.6419520978757], [0.09171958098101884, 1871.546516059269], [0.08129533346647175, 2119.6680422012773], [0.011703398846132218, 18466.460847575163], [0.03511725137448141, 5136.014697838647], [0.09878920250608121, 1733.8979846589357], [0.015283497423796108, 13243.605255007027], [0.07068847305166576, 2450.194752110311], [0.006557132979890698, 42463.3737069755], [0.03125331995748912, 5833.892260283274], [0.036545121793034326, 4928.938247353184], [0.004154858588460427, 93297.63448019011], [0.006197717953649134, 46335.05461742843], [0.06763397714758075, 2565.3928432498037], [0.048972138011558544, 3599.286891567997], [0.02132206242018539, 8977.299602188137], [0.005979049837809804, 49055.38304149204], [0.0657860151892251, 2640.5013319245195], [0.08482330404106983, 2028.6452474247549], [0.04249960906364887, 4184.141755793075], [0.08960128985069003, 1917.1926926262272], [0.08878048841143596, 1936.34905337165], [0.08249573699037382, 2087.794226242493], [0.004496647117346764, 80228.92852127839], [0.004727640572679194, 74461.77306973944], [0.01362720144118734, 15331.169855239066], [0.037283853789191614, 4814.564471257904], [0.09359992762469876, 1832.9895520136054], [0.006950754694895938, 38489.82954172053], [0.08991687754912041, 1910.2151153519887], [0.07941383026048568, 2171.632989484944], [0.018847330655969854, 10329.261409151897], [0.07560115245186981, 2285.1559290261857], [0.06068700629645933, 2872.5559897537805], [0.04681385770030795, 3775.249853377729], [0.0735908500361478, 2349.927272663728], [0.004082925128123876, 97224.73431008386], [0.004339497774324085, 85321.1549167096], [0.004046977917611444, 99363.10751360087], [0.058696694675482754, 2974.5955935130414], [0.09829565787124195, 1742.846694393667], [0.03203126463816115, 5675.76922310041], [0.023521060911775627, 7992.910760413791], [0.020510976421775948, 9493.45377960729], [0.08719140571567799, 1971.8093623359935], [0.004603812038960918, 77570.11477578557], [0.006283179056394741, 45476.46527557768], [0.01715663507591536, 11745.274416375378], [0.04404186672542508, 4035.593888218342], [0.09515631627306599, 1802.0755729529592], [0.0911350516173676, 1883.912220788929], [0.004277560077494635, 87747.26012766243], [0.09635370794250041, 1780.7684064845043], [0.05693925520966883, 3070.918103315212], [0.054310103623010086, 3227.257612496077], [0.08825254577696977, 1947.3618016744101], [0.022175961072920306, 8580.317545549868], [0.007669401702155714, 33269.49450844647], [0.02683570865363274, 6901.250914578756], [0.007779672329380567, 32498.951234178592], [0.06930721941007323, 2506.141428007143], [0.07448487477766848, 2320.6743398482126], [0.03921990652007628, 4575.767775282281], [0.08080816741691477, 2132.882919133437], [0.0841619534116961, 2045.1081118142952], [0.04949822462634272, 3558.8539694902315], [0.06450978106787289, 2694.9915977621936], [0.0766598701595161, 2252.4592080057487], [0.04029871576015448, 4428.849403258861], [0.015847940970765136, 12667.677586334086], [0.0480946317236847, 3668.812283790439], [0.05086562276402686, 3463.6586226589607], [0.03343126005567533, 5430.4822849037855], [0.008122335154980943, 30821.80767219671], [0.004756778079051977, 73742.74384707482], [0.072141065862888, 2398.9652998615884], [0.026457194158719523, 7031.674530106253], [0.004120773333506111, 95366.13735017236], [0.012015685974928445, 17827.18674918761], [0.004261620954502596, 88847.89728575289], [0.006827912225741474, 40052.135442993684], [0.09034394973180511, 1900.9105414140163], [0.004149709379024756, 93713.32505239431], [0.009145943022874158, 25723.04750503195], [0.00446715229695801, 81109.61740235858], [0.02086559099280647, 9191.042617712837], [0.004179657575720052, 92085.81272003459], [0.09149578612635914, 1876.2616645961857], 