{"nadirPoint": [-41.81454748135737, 75.99987121409256], "idealPoint": [-273.99819725873806, 4.000030294920737], "origValueddPF": [[-41.81454748135737, 4.000030294920737], [-273.99819725873806, 75.99987121409256], [-271.03671694089167, 72.26068581791945], [-211.6529368928345, 25.802128049524637], [-104.59820083746493, 5.557258829364216], [-253.1102965086709, 45.77943901825074], [-262.096943759487, 60.154500454822234], [-245.0421461627132, 34.54500755215986], [-130.58096332701922, 19.519261480519955], [-74.02144371851215, 4.54241945737267], [-169.07678135552155, 22.5948804453284], [-118.51963809327884, 11.696295340067536], [-258.12883827982114, 52.85550825215671], [-242.36116848966228, 29.56883219272342], [-248.77632718710868, 39.98578643655749], [-265.6225872863881, 65.1472510945767], [-185.78302056087858, 23.873182391808136], [-148.51757228397517, 20.977656862842238], [-52.02870348209844, 4.071881531855468], [-121.50036289275144, 16.192624309663618], [-116.95798090827991, 8.917824940784707], [-255.91960979296053, 49.38463768490944], [-260.11671546788733, 57.030344346608935], [-233.95456066767807, 27.423476177658987], [-268.81532599089024, 69.39539005535563], [-246.38315342299268, 36.575362868143344], [-92.5192811858645, 5.1214391237181145], [-250.93205327836404, 42.91236910017366], [-272.9411339860608, 74.67478184983678], [-243.51725729052868, 31.98491694360889], [-264.3117003357433, 63.339464209663596], [-62.69562496641407, 4.260234140847393], [-259.1508182833833, 55.30045327607093], [-193.4653873907062, 24.452072125657256], [-267.30623021807014, 67.41051594000677], [-122.92291348943185, 18.199145722796437], [-112.9995908693711, 5.880913966179543], [-225.49167282262607, 26.812186256753485], [-254.91515232318542, 48.10537456804228], [-85.34767782954138, 4.882274936727725], [-163.42319169080955, 22.155081787818094], [-202.17944293838335, 25.106619048305483], [-247.48693360290457, 38.17843389505141], [-257.5385355317894, 51.42520889907664], [-117.73806631597259, 10.376920965960114], [-119.46538145353762, 13.19223621634901], [-177.57994510345802, 23.248980240070143], [-263.26565072387234, 61.85807094905003], [-261.5802082400857, 59.367741127966106], [-139.89806686505185, 20.28386156742482], [-240.15301699949902, 27.868001808617358], [-153.98689623155727, 21.41302320663483], [-251.9439307402752, 44.25388554161055], [-264.9937655316945, 64.28582328761559], [-250.2861511442179, 42.04611077359035], [-244.32485686633774, 33.37788047816768], [-98.50689346902207, 5.333235127574987], [-43.061859334749904, 4.000985337580108], [-269.4922572056475, 70.27520106443829], [-116.2413499672665, 7.227368143355053], [-258.91638905760396, 54.8353114808801], [-273.87918845997444, 75.85686527902833], [-242.90581371507687, 30.813907981278323], [-221.50005487907436, 26.522372711979248], [-245.69268126600446, 35.539156631606645], [-259.6419711440238, 56.212756151759514], [-67.3830285848773, 4.368266887944432], [-120.8168466633969, 15.207977155098177], [-107.47833613757822, 5.666488368246058], [-271.6026743775621, 72.98171004278109], [-265.8527824930445, 65.46045538151516], [-143.36944296659794, 20.565755605405098], [-253.88566267677442, 46.78367123130363], [-260.8543207795119, 58.23687005999943], [-248.2521799889984, 39.25627331320428], [-270.2405227985061, 71.24050364411549], [-117.21599256786631, 9.423616511298222], [-248.0701913847532, 39.00084198667097], [-256.46482804240014, 50.073997539114934], [-267.7390061636529, 67.98345331899708], [-266.2978868492002, 66.06220717162351], [-262.54374419308425, 60.81004867738947], [-249.67109094622498, 41.2134949545816], [-181.40853435448093, 23.54209612822218], [-242.1979833127455, 29.095551798075732], [-57.90940555837699, 4.164624460009986], [-252.31424119989853, 44.74034922652175], [-266.9109564207696, 66.8842068841574], [-244.10420657401053, 33.008984909163935], [-262.7335873431912, 61.088661214976405], [-260.6183592934419, 57.858281783849776], [-263.78948918610644, 62.60501986674577], [-258.5128562263489, 53.950301578663755], [-122.1748213678975, 17.146366663815197], [-80.66645230788637, 4.7354423034387505], [-119.03873464930355, 12.527043357272927], [-252.70945428389192, 45.25724727150108], [-247.13400382593653, 37.66893131652018], [-215.7886209808278, 26.10545538851519], [-251.26923946847901, 43.361110377758024], [-237.907829768735, 27.70735019501903], [-255.27776373422967, 48.56839614202148], [-171.04466253719994, 22.746689598482394], [-231.90898275797818, 27.278675435946553], [-272.5330814652853, 74.16017448630488], [-47.00181328727277, 4.019595904357184], [-246.01394896585907, 36.02430833724587], [-120.35232199029768, 14.52646029983594], [-245.3894695510791, 35.0748497086343], [-166.63132422075995, 22.40490369140881], [-116.43350430880535, 7.753385909661201], [-189.39519177438328, 24.146136978383673], [-254.25338123777956, 47.257245571922894], [-101.67131690860927, 5.448255481768371], [-118.11012171962027, 11.017373848545382], [-256.78306616296663, 50.475700888338025], [-110.21018523317827, 5.771783914094399], [-261.1670737687483, 58.7296478914381], [-123.34786410441167, 18.770919876579715], [-243.09284087766753, 31.200059577941623], [-242.57274463807454, 30.091811918077788], [-243.29702429202678, 31.58057827072633], [-205.8909415051508, 25.377275056611705], [-244.53573778102236, 33.72432840518725], [-268.50062456874144, 69.01163444299644], [-257.92455148865946, 51.95431197913453], [-249.32940146203896, 40.746847835114465], [-273.3455196665775, 75.19865215515061], [-55.806797164888465, 4.129753896645303], [-243.75703846904625, 32.4118251535731], [-127.6760494311971, 19.28709741655729], [-265.32012523234516, 64.73416439490207], [-174.216424643778, 22.991005267424626], [-254.56443483820706, 47.67102964941089], [-259.40528510849714, 55.78038757524638], [-264.63804834351254, 63.793971275852435], [-242.6265097338474, 30.214395830453388], [-64.86411295851912, 4.311298612753673], [-272.073735047486, 73.57964482081015], [-235.920905796636, 27.570784734190095], [-259.89217668302405, 56.64725040305649], [-70.87283437157583, 4.456702257292459], [-261.3395528535112, 58.997951592868034], [-116.11639018111599, 6.80319913707225], [-151.28224822280794, 21.19983460402084], [-242.49107390361692, 29.89815155630086], [-145.93926390003497, 20.771085490017537], [-262.9734797414392, 61.437193549823505], [-246.76709570704864, 37.13721020495902], [-121.1630424008501, 15.709157791397924], [-268.1708321430096, 68.55193061736877], [-77.37350468310329, 4.64258116081597], [-89.06145472645576, 5.004069092783779], [-160.44520275513383, 21.922066555276214], [-214.05713865422769, 25.9787354450292], [-119.86758443626681, 13.802547165593817], [-260.360384313931, 57.43693021079469], [-248.42452402937496, 39.49700228517403], [-244.74525546290937, 34.0626416637738], [-247.81002581963986, 38.63381831782473], [-269.13628123360627, 69.81333116322071], [-258.70162047414453, 54.38188774976577], [-261.848052740987, 59.77452548303443], [-242.08481438514983, 28.67684342526246], [-135.34292711670642, 19.911812098272158], [-266.57389114830374, 66.4329442435088], [-243.94308047732432, 32.73488163401081], [-242.7466578694189, 30.48595513332918], [-227.1705722847756, 26.93380957501106], [-270.6212557741951, 71.72948761898334], [-217.45673346856137, 26.227403394587196], [-250.58354356524376, 42.44591108580718], [-229.75293325821139, 27.12050674698863], [-250.041950193616, 41.71672400510324], [-258.3269833374254, 53.47653583105605], [-60.29399327958393, 4.210789430010701], [-121.84435407410726, 16.686683806604133], [-261.0194894237857, 58.4983886757808], [-269.9001960873958, 70.80243336013667], [-197.50413389947414, 24.754190035838263], [-183.53025334884347, 23.70588177536411], [-262.3490739177551, 60.52392477094011], [-263.5302008841512, 62.24795258087236], [-222.99015511504447, 26.630612062944763], [-251.58469838565657, 43.77930204021141], [-122.53323299376547, 17.647252513787326], [-256.16798548490436, 49.6987070339993], [-248.5645324781524, 39.691740223528576], 