{"nadirPoint": [1.0, 8.999843494774815], "idealPoint": [0.38890303610989185, 1.0], "origValueddPF": [[1.0, 1.0], [0.38890303610989185, 8.999843494774815], [0.5568633113403416, 3.5704216600423875], [0.8923625177404328, 1.1206208016708028], [0.42474516540085794, 7.480485714178623], [0.6995207885308709, 1.4295500811356912], [0.4739708047860084, 5.768856140234142], [0.6164483196804403, 2.3553795683399676], [0.5128871596848311, 4.648237403658886], [0.8010827705079366, 1.2483104578144122], [0.4007678615560234, 8.466486966737474], [0.9766456412703841, 1.0239128274808433], [0.6521400890679507, 1.733898795688502], [0.4476912234180792, 6.635794214115571], [0.5800556393497136, 3.0678192843760534], [0.7402650884554529, 1.3508674332953865], [0.8478887247221204, 1.1794000448911872], [0.41071861719355063, 8.043309315591836], [0.39139678663820876, 8.884678555465982], [0.5328133121590395, 4.137825350698092], [0.4990462605917476, 5.026769025892026], [0.9311310286030365, 1.073962706946111], [0.6365937643238428, 1.996027810628336], [0.4294195470803982, 7.301080258477296], [0.5895718065948141, 2.873034891178838], [0.6666668080246912, 1.499999681944512], [0.48518990326483613, 5.427488927942881], [0.7738385214138159, 1.292259266407394], [0.4400188536331706, 6.908414997576125], [0.4610638916462806, 6.182291993331429], [0.5468021737920326, 3.8017082148732273], [0.5234042951638599, 4.373995389862235], [0.6008185115760699, 2.650776976344071], [0.8320511436367505, 1.2018491983908277], [0.41756084313879616, 7.764031315411332], [0.4336837109729006, 7.1408084729843], [0.8731284268147583, 1.1453068864658091], [0.5694337891525185, 3.2929173872791386], [0.6274617269071697, 2.1560625466024455], [0.9958365373106205, 1.0041808828330812], [0.6821219090630087, 1.4660136065320686], [0.406401266693432, 8.224369829407133], [0.9589468553142173, 1.0428106567723516], [0.818054437114562, 1.222412537149967], [0.7170016289781846, 1.3946969708076156], [0.46749739943616264, 5.973359507449868], [0.3962783595896344, 8.66436533126743], [0.5051326447754091, 4.857757539663653], [0.6109351370999404, 2.457857659826622], [0.4527578877543412, 6.460810509744324], [0.44989931582469855, 6.5590428677801675], [0.7883885070771912, 1.2684105699971358], [0.6608089221884139, 1.5930814582820843], [0.42150331888673653, 7.607227551713002], [0.645789970425429, 1.8394477324327514], [0.49270007186814857, 5.207437985801334], [0.8152085812097951, 1.226679923457097], [0.4810536178619642, 5.551401703646373], [0.5172781315086638, 4.532377120777199], [0.5392668093599168, 3.980598092019316], [0.5526190193619854, 3.6687292370087268], [0.7526014357943122, 1.3287245445453848], [0.561807231261385, 3.459795280779341], [0.946776767822778, 1.0562151860777225], [0.5763454936702519, 3.1454974723590343], [0.5975856977034123, 2.7138085079182255], [0.4431981076524236, 6.794298760730712], [0.4708931592423373, 5.865379925946722], [0.9047056394757795, 1.1053318962170327], [0.6236498229714748, 2.2242581857605788], [0.9215229871963685, 1.0851601250256264], [0.4140523558994996, 7.906090572407214], [0.6075201620715377, 2.5222642741724384], [0.7294587692485716, 1.370879400147438], [0.4032984332237002, 8.356887951965716], [0.5874583402991863, 2.9157498504328405], [0.4646603088892116, 6.064774455644813], [0.5298999568951005, 4.210053217538353], [0.4373798514180378, 7.004398121055168], [0.5843632946460343, 2.978859351367661], [0.38953134819498514, 8.971635746043232], [0.5721135495327566, 3.2353404508558277], [0.45634687120231077, 6.339213045772591], [0.6310631705178172, 2.0923965412721284], [0.5954817773712456, 2.7551903721333613], [0.5088514541260594, 4.7564834959112074], [0.8781747388534658, 1.1387255357693256], [0.7092410374988427, 1.4099586386179996], [0.4889758292649685, 5.315642348417336], [0.4091495497869124, 8.108666144479404], [0.6574575370207367, 1.6470841423268183], [0.8383418431115544, 1.1928308341242304], [0.47740859792713497, 5.662506416828168], [0.860857189881182, 1.161632860542213], [0.5011982857896143, 4.9665396214164845], [0.5437704429477025, 3.8730897522134984], [0.8090881932544306, 1.2359592048644987], [0.6766612943533296, 1.477844245481306], [0.8239475999645188, 1.2136694130100778], [0.8852011867180721, 1.1296866915729635], [0.5201955307840093, 4.4564895359955425], [0.7463873865658269, 1.3397868425953179], [0.6914912673051486, 1.4461498608610908], [0.4961310736511273, 5.109188080160009], [0.9712336258793243, 1.0296183877433522], [0.47188356333135806, 5.834179998236641], [0.5257657203448831, 4.313920721011274], [0.39489886763593796, 8.726074203405792], [0.6414846087895368, 1.9121899173133259], [0.9412498840494399, 1.062417129549384], [0.9880616930020973, 1.0120825522155705], [0.6487171902820195, 1.7905385353433119], [0.7241857329063368, 1.3808612273908687], [0.5643567143423962, 3.403516750074233], [0.7808032603521226, 1.2807323570204168], [0.5146206973994041, 4.602260227498222], [0.6190497778822386, 2.307655911150722], [0.9012224257170326, 1.1096039906068447], [0.5071557103028961, 4.802476097573563], [0.8449082228849782, 1.1835605015009327], [0.45856337225387933, 6.2650801483552945], [0.7682769661018709, 1.3016139284688686], [0.5348623336997695, 4.0874822008899905], [0.39939797753758643, 8.526392496586704], [0.5413299957420875, 3.9311247699670586], [0.4274954745854699, 7.3744557143075715], [0.47542242529810086, 5.723753296113394], [0.4832325059687961, 5.485794196567526], [0.4456196722783845, 6.708467374299038], [0.39780800374026803, 8.596438337883127], [0.43630209770423845, 7.043942381894872], [0.3933236372592388, 8.797060102755578], [0.8675929056978575, 1.1526143118881769], [0.4188571571463895, 7.712160030803342], [0.6027412597224424, 2.6136162968005854], [0.7937125518664091, 1.259901960285884], [0.42325916928587604, 7.538343938247451], [0.9516725002583123, 1.050781649914829], [0.4020660779997115, 8.410090066241754], [0.454666535771871, 6.395913443842733], [0.41249481911939834, 7.969913817330689], [0.851272466232363, 1.174712021905147], [0.6138131650848483, 2.4041324440930385], [0.6633771184303471, 1.5520719295158187], [0.45154042071311773, 6.502505466116773], [0.5928845188160924, 2.806691550707954], [0.5545936980574099, 3.621864694849173], [0.5505983037255419, 3.713451181527821], [0.4047420135595895, 8.29497221842927], [0.4627401091015563, 6.127294087944301], [0.9163565524212617, 1.0912782773885663], [0.671354958044322, 1.4895448689820783], [0.5593876166460374, 3.5171720426776023], [0.5784643802521986, 3.1010142640332643], [0.5283390673969718, 4.249076359812676], [0.9363689508682466, 1.0679551036722774], [0.926267549610567, 1.0796016770968957], [0.7038542623131178, 1.4207486599763437], [0.785088882657738, 1.2737411293033853], [0.9739162931763258, 1.0267822881765392], [0.6214803841727328, 2.2634317323824757], [0.5369527970806622, 4.036540024772406], [0.5669859710295688, 3.3459893358475457], [0.6957101069559684, 1.4373802967667542], [0.4156546939669945, 7.840915832945005], [0.6550219337841529, 1.6866688586694343], [0.6333053328530667, 2.0531292783077455], [0.6383633875381326, 1.965545480454487], [0.7610928291096024, 1.3139001732152615], [0.479165950699165, 5.608723213760832], [0.5487205060143051, 3.7569603102898683], [0.5741577221101781, 3.191783551495042], [0.98099339372627, 1.0193748565436653], [0.5033637737219446, 4.906446780616052], [0.6863298850546284, 1.4570252902806602], [0.9648000797024147, 1.036484159815205], [0.7131640067839442, 1.4022020047107535], [0.45330443296254896, 6.442166742369365], [0.4696653917256606, 5.9042399972180375], [0.8562299728184082, 1.1679105284160418], [0.42564828363127993, 7.445509655572325], [0.4418364060954093, 6.842982909480022], [0.9100660784753124, 1.0988213094101467], [0.49423917656503924, 5.163192197208659], [0.43116791344203376, 7.234987573136603], [0.7341858578972286, 1.3620529314798926], [0.4077747415067273, 8.16636047247037], [0.3924275823650274, 8.83770058791488], [0.4384702998062793, 6.96460317901779], [0.5820224686407709, 3.027030324950231], [0.4905632300285826, 5.269316680679232], 