{"nadirPoint": [0.9999617921453572, 1.0000013487993855], "idealPoint": [0.0, 0.15024105931907314], "origValueddPF": [[0.9999617921453572, 0.15024105931907314], [0.0, 1.0000013487993855], [0.4276805348962872, 0.6364845445320679], [0.06973479429437973, 0.9407269045953017], [0.8143616367498709, 0.3077957012200981], [0.2541869510709104, 0.7839432957299185], [0.6352902216037567, 0.4600060076673448], [0.9935202693027934, 0.1555117816913533], [0.017559883011891986, 0.985089705657565], [0.47380030014580815, 0.5973357078474117], [0.2906332167680271, 0.7529620380495521], [0.8491589573462629, 0.2782151760538767], [0.09166734639463153, 0.9221280320874259], [0.21397581551571826, 0.8181366060035874], [0.6563687430257309, 0.4420870088106615], [0.5978306397354383, 0.49192947513242796], [0.04174770117678306, 0.9645145116331836], [0.4517899692902201, 0.6160062208811191], [0.0056855972572985025, 0.9951848739480251], [0.23648572295122167, 0.798990161327605], [0.6144816420353321, 0.4776912439127366], [0.41327554733834204, 0.6487161305076111], [0.7928884096111897, 0.32609194309427925], [0.275196983197605, 0.7660891661845834], [0.6689879746120082, 0.4313825411232265], [0.830500797845686, 0.294080886606202], [0.05091497395225275, 0.956722414756693], [0.007083005120903374, 0.9939811495435349], [0.43858350853509537, 0.6272044508591279], [0.031781235189002666, 0.9729944277340455], [0.27368254736838027, 0.7673794953583012], [0.6439212030819264, 0.4526715442593907], [0.462156551762105, 0.6071680625339309], [0.22355197779626668, 0.8099820321469361], [0.481036672030462, 0.5911194641659596], [0.8576314010720809, 0.2710155696508602], [0.6229858215409174, 0.4704662533193289], [0.06002242751762382, 0.9490368483403436], [0.8051866697011726, 0.31559347304642055], [0.26482145993614736, 0.7749021000933409], [0.8211616519004791, 0.30201322693213645], [0.28305058631891766, 0.7594120804788176], [0.8385550453553978, 0.2872932638221397], [0.24723413493029056, 0.7898572528434338], [0.6088182281180737, 0.48250481703666415], [0.2967402654425216, 0.7477734646845355], [0.10073931697792615, 0.9143993271884375], [0.4035363621168886, 0.65702758860694], [0.4184872530799677, 0.6442864979833808], [0.6478611725471631, 0.4493310032218139], [0.027422163135634503, 0.9766955326253348], [0.9865129526651526, 0.16176702152596112], [0.011642000931629815, 0.9901245653023508], [0.20913110031761206, 0.8222700288363937], [0.44505849634310607, 0.6217123401498209], [0.7978388019967437, 0.3218375198314328], [0.2299213982553684, 0.8045747913600833], [0.08728855872885422, 0.9258103813035279], [0.46839428043452874, 0.6018938809143768], [0.6303312906356378, 0.46426432550723035], [0.2600366235338559, 0.7789958996380741], [0.11281067447039461, 0.9041521710717688], [0.6616214180403641, 0.4377564063289578], [0.4564998918889441, 0.6119769588531386], [0.8439535077453406, 0.28264008003264657], [0.8254616016450259, 0.2983628434680513], [0.6046947035543366, 0.4860096880097907], [0.4343145014337567, 0.6308356571495748], [0.09752420573421688, 0.9171047049344903], [0.41123873384095566, 0.6504471107013543], [0.0025730894941191074, 0.9978326102808275], [0.27054589404446017, 0.7700386318610912], [0.42307532940704284, 0.6403862169473589], [0.039314255722344094, 0.9665871095229945], [0.9985491723088762, 0.1512860843908079], [0.23875139896644337, 0.7971081097019276], [0.279076914104165, 0.7627852817478827], [0.05609059433845809, 0.9523231435185517], [0.07268158274656888, 0.9382242169501767], [0.06461046297927092, 0.9450815201914544], [0.8514845292328017, 0.2762383491322597], [0.04601326941710765, 0.9609025450437158], [0.10532145406250343, 0.9104951380227475], [0.8107730740515953, 0.3108478828476414], [0.43200914379340644, 0.6328210120395584], [0.21843751110644788, 0.814331553935227], [0.671432215706014, 0.4292827602942462], [0.44259689735041347, 0.6237928567915126], [0.9911681563720076, 0.15759232467300344], [0.0825028795956585, 0.9299451696790467], [0.6544468621261136, 0.4437405481143499], [0.022972104794134418, 0.9805223423246966], [0.48359110385053533, 0.5889475917700754], [0.01447533009295221, 0.987731186529654], [0.24499953288045428, 0.7917504071956648], [0.47837914205939036, 0.5933789723300161], [0.8330052680842941, 0.29195026692966014], [0.2270998564229656, 0.806966847547552], [0.6189964945250657, 0.4738581046147062], [0.46016558131873453, 0.608859962961323], [0.40862361218551, 0.6526728663618818], [0.6329504264581071, 0.462081318630576], [0.6419777088394619, 0.4543265742561416], [0.8555299867263961, 0.2728319339480031], [0.034303880872811054, 0.970842150605278], [0.4660033297749353, 0.6039432858765986], [0.29459953689843865, 0.7495911505588475], [0.2869624711280213, 0.7560821650975961], [0.8465063765789871, 0.28048334340357617], [0.6251486697491044, 0.4686484044527502], [0.6127673710050531, 0.47916798804482524], [0.6021554495655974, 0.48818774496491085], [0.8003331613663984, 0.31972792504693576], [0.8599078683267019, 0.2690949195137], [0.09556826306952876, 0.91881445351868], [0.4473636625671624, 0.6197442463852869], [0.07926648718265877, 0.9326918547343922], [0.06685759784499712, 0.9431897692675891], [0.2345909139102731, 0.8007859818280431], [0.8180471834593175, 0.3047159405228617], [0.8414084896212608, 0.28480670625215393], [0.02939774341538809, 0.9750196262939634], [0.009165142562524264, 0.9923539350364227], [0.27712196353816665, 0.7644513683600908], [0.6523455658814812, 0.44552012948374325], [0.2672684498057777, 0.7728244025510134], [0.6588136875775165, 0.44000998577759537], [0.47134769780131996, 0.5993550744443013], [0.21142839583901757, 0.820286899512592], [0.26225832249083103, 0.7770813199705378], [0.25204850226046227, 0.785758842690855], [0.42522732731194757, 0.6385571225376367], [0.6665156754557497, 0.4334617587867062], [0.8232223127386982, 0.30027713246218735], [0.41570780267671736, 0.646651105608823], [0.4542065485406492, 0.6139647598890471], [0.0756451039540314, 0.9357049006100785], [0.828210249824308, 0.2960251493499047], [0.04853185322000203, 0.9587627621932603], [0.6000845301988715, 0.48995827895038346], [0.044053515080447025, 0.9626323827203228], [0.02037659944298953, 0.9826915055337074], [0.42977247955732545, 0.6346944501611202], [0.4209471581467802, 0.6421954495209856], [0.2206853165354098, 0.812422237239685], [0.6374241232495436, 0.45818956547332973], [0.08971473816057957, 0.9238036029759796], [0.2580763629519966, 0.7806511144154685], [0.20674113931556778, 0.8244154254276973], [0.05298840722495379, 0.9549601253071557], [0.812296151609043, 0.30955298394795494], [0.10319177766565713, 0.9122971339722593], [0.8356661823668976, 0.28968710781563023], [0.004134301886614622, 0.9965263358469328], [0.6459771978884921, 0.4509497207002656], [0.2889076631911818, 0.7544301713961878], [0.03688163472851541, 0.96866132497461], [0.10763695742039875, 0.9085095945959029], [0.6108152666081829, 0.48080976984538304], [0.9967150816097028, 0.15282530283508197], [0.7954365386948519, 0.3238898474348036], [0.6641028713477883, 0.4355220738848096], [0.24093949682765148, 0.7952472576192453], [0.8092885305711246, 0.3121141057236165], [0.08503998415929975, 0.9277207078119556], [0.057696123815009714, 0.9509802242807509], [0.28115047206265653, 0.7610225307558363], [0.650042557921772, 0.4474956266933641], [0.06192852371392604, 0.9474696860267101], [0.025178031167848003, 0.978598717236335], [0.4053815514759677, 0.6554276933340409], [0.802979929838995, 0.31747222477108883], [0.25634173627445284, 0.7821099983446218], [0.05442308957186737, 0.9537430772974165], [0.6275355665386645, 0.4666009811843008], [0.2924752432700186, 0.7514102098908436], [0.6208986664489863, 0.4722844015001185], [0.11020624432585974, 0.9063388409972475], [0.9886743780915994, 0.15963805324134894], [0.4494941343014007, 0.6179304273383476], [0.09350908539155639, 0.9205172981208462], [0.44057620082161264, 0.6255118338018998], [0.24985736321698876, 0.7876213210988284], [0.6164560479532443, 0.47601425548322046], [0.24299941487816246, 0.793450647048176], [0.8196368933890957, 