{"nadirPoint": [2.0000000664744766, 2.0000000538473697], "idealPoint": [1.2246468321193577e-16, 0.0], "origValueddPF": [[2.0000000664744766, 0.0], [1.2246468321193577e-16, 2.0000000538473697], [0.5611952832560793, 1.65537132669553], [1.5273816774136757, 0.645584976900372], [0.848467351918565, 1.0585021978994191], [1.8806308105271898, 0.34030996657540463], [0.30824906309514394, 1.9026151324289013], [1.774556583935476, 0.4612394575977012], [0.7636076721632452, 1.2913665488808541], [1.717565737240106, 0.5123442946623008], [0.1594386335843084, 1.9744193426471242], [1.314253766575257, 0.7537827729822957], [1.9815229711817859, 0.1356499769767387], [0.668239107998965, 1.4878980223407439], [0.9111204429814435, 0.890207006161137], [0.49060535094919777, 1.7427699302893223], [1.8036043581438668, 0.43215555638360004], [0.06080946010535781, 1.9963056188580897], [1.61345226287809, 0.5909285801274946], [0.4183384573113121, 1.8166620128180317], [0.6128162037063132, 1.5804566719031503], [1.208187956621858, 0.7969155006570806], [1.3661676903242883, 0.730342483514538], [0.7027658443780872, 1.422847696539423], [1.950599827944556, 0.22089680992359106], [0.8135615073185768, 1.1629680499595993], [1.4425797417664818, 0.6926361248267091], [1.0161990617797443, 0.8613004849040663], [1.7455513480747542, 0.48812525153401887], [0.22376259614810742, 1.9492910223908813], [1.9983403506147468, 0.041041859384607936], [1.8541993665068068, 0.37482348998062626], [0.7474589232783894, 1.328621429782149], [1.6620309435655625, 0.5562526120428877], [0.36383930110296314, 1.8629306863884416], [0.8724204716666101, 0.977519212082119], [1.9232400304010802, 0.27439184660879734], [0.5209151125187226, 1.7072237667539722], [0.6422114984183864, 1.53305980198184], [0.7947023571504243, 1.2140050469519714], [1.274153720235837, 0.770802699270437], [1.1527967540907447, 0.8171715950534113], [0.8319149544340629, 1.109813364850094], [0.020376380368925962, 1.9995883513545216], [0.4525315377847872, 1.7835007991229666], [0.9447804646148501, 0.8814005165773664], [1.4833953965373732, 0.6707371664854362], [0.7287019483290827, 1.3696709642831713], [0.26649373368519214, 1.9276782309880465], [1.6892998413061069, 0.5353517339823036], [1.4043784621332858, 0.7120114508309644], [0.11628454869892378, 1.9864354725088318], [1.8199230997312148, 0.41484202442292295], [1.558572697219831, 0.6266712262477535], [1.99395853438594, 0.07770925461968183], [0.6857542026507735, 1.4556729645215312], [1.902742891403063, 0.308052706609084], [0.5886140085597799, 1.6168328771501022], [0.8607619286057615, 1.0180228585145472], [0.8519016553499004, 1.047410758544253], [1.9649746341324354, 0.18634482816980733], [1.5871199718651559, 0.6084967296727795], [0.886780958231995, 0.9243881484532577], [0.3878546692354727, 1.8434451284253066], [1.7649125976411726, 0.471059173292397], [0.8013293284165288, 1.196453266906292], [0.7771049673839504, 1.2587489742485551], [1.1121460547943645, 0.8311359366423207], [1.0498161251369513, 0.851161067235336], [1.6393559338571695, 0.5728293398151896], [0.9769002633099386, 0.8729230256250384], [0.19418946940089343, 1.9619435640156109], [1.2345421482760157, 0.7867528576311158], [0.6500046870771874, 1.5198651362790014], [0.7362580261973385, 1.3534071988354242], [0.3355455879480609, 1.8840520646300662], [1.7821595612821608, 0.4538510488444202], [1.3499400514319908, 0.7378476873713719], [0.429885794747116, 1.805773068059162], [1.871545128840323, 0.3526120830718697], [0.17780973106701306, 1.968134226973118], [0.6228774893247113, 1.5646433575527], [1.1842311621460635, 0.8058553560791725], [1.6715899771242906, 0.5490450923134769], [0.07326091604285175, 1.9946339160246658], [0.46247451179437576, 1.7732695797881255], [0.8244709664812527, 1.1318151986333187], [1.8373810236920953, 0.39498277372412405], [0.7553282227853039, 1.310699608943186], [0.5800919180636179, 1.6291064759206064], [1.5036661837800727, 0.6593562653725337], [1.1706575585632997, 0.8107982835890697], [1.255376858767303, 0.7784670160280759], [0.6947279816580056, 1.4389254669520117], [0.14209833180377007, 1.979708700917282], [1.9571915184675979, 0.20580142437667323], [0.60417446958129, 1.5937086074043019], [1.937628524205554, 0.24779540365503352], [0.658946608028658, 1.5044051733383483], [1.6017640935087247, 0.5988261396530301], [1.4281183821304804, 0.7000879292531771], [0.007654724150490062, 1.9999449722488352], [1.7555407084655046, 0.4790873454658182], [0.7096721659899495, 1.4090692595032128], [0.8408214692332103, 1.0826321993509662], [1.456502981491722, 0.6853139657104175], [1.0348914299586436, 0.8557182016478521], [0.9232626112746118, 0.8870739479392131], [1.7084139121024957, 0.5199367887468435], [1.7907896011760107, 0.44527720368695867], [0.572096156015329, 1.640378091914609], [0.8671854833562648, 0.9959783514536825], [0.27994973825942093, 1.9200331015069927], [0.5028072331978353, 1.728801345597486], [1.971186447640237, 0.16914494884707632], [0.8822950885996194, 0.941401643706691], [1.3923913126580385, 0.7178546304919265], [1.910040631183281, 0.2965473110223546], [1.3366148973404806, 0.7438876196697587], [1.8889129456912184, 0.32865280630348986], [1.6806726421615426, 0.5420697360712435], [1.567811490889913, 0.6208961147642523], [1.7280757966255866, 0.5034304627037595], [0.4426527886941949, 1.7933918287442507], [0.8450157199178528, 1.0702236341070879], [1.9857743215312085, 0.11910194003619318], [0.033215728027535155, 1.9989013778527827], [0.8551096322348345, 1.0369049216816284], [0.6324896572705371, 1.5491436449086158], [0.471671957657264, 1.7635535435282388], [1.1252630172400309, 0.8267100825907663], [0.9612166870923203, 0.8769380038184377], [1.5391113830156256, 0.6385825508057298], [0.3979124191558162, 1.8348525947512957], [0.7692660475691872, 1.2778726860651657], [1.735806443963338, 0.4967412902605155], [1.2891666530310877, 0.7645364478929229], [0.3505277507101005, 1.8731093154676588], [1.077872445111065, 0.8423489106472413], [0.8910220078962814, 0.9080885987488854], [1.472041391775663, 0.6769627348025338], [0.25118685159835386, 1.9358853020709927], [0.10181238785542852, 1.9896113000589442], [1.8623308911741234, 0.3646204321579963], [0.5313032501223133, 1.694371244426519], [1.8956701774666112, 0.318771845163257], [0.2954788003065924, 1.9107057688216134], [1.9300580834403622, 0.2621516268046769], [0.8366596589569214, 1.0954539446054332], [0.3786819471350988, 1.8510593964009263], [1.845771244122938, 0.38508392727606205], [1.9967393248024279, 0.057145362161845806], [0.7162426828575661, 1.3957991568422008], [0.67682264602371, 1.4722971167984105], [0.7897353753240188, 1.2269012960343948], [0.3231480200288861, 1.8927006681677363], [1.9908846565281995, 0.095384573364775], [1.4926596967697903, 0.6655802109926559], [1.5140138957666822, 0.6534097021634188], [1.8107649565469528, 0.42460287451905865], [0.4969681065690284, 1.7355425831903222], [1.7968976648188664, 0.4390833158516672], [0.12851442624249423, 1.9834189195061112], [0.7840051466676572, 1.2415152381985435], [0.9964638812905067, 0.867050925940231], [0.8075296852445417, 1.1796618641735035], [1.6515472039601684, 0.5640075955457343], [0.04748702908291995, 1.9977473616472943], [0.21033297963359412, 1.955263378266041], [0.7520248089579985, 1.3182767394482573], [1.6980809152011886, 0.5283315281769225], [1.626416922912649, 0.5819756627674915], [0.7425732034642042, 1.3395351521277292], [1.218018194520538, 0.7931662650036324], [0.819800592475485, 1.145304467501379], [0.5125379008485648, 1.7173484299559347], [1.9997932271275596, 0.014511823735804398], [0.5961910332902292, 1.6056900522625843], [1.9774949765695486, 0.14960669848045344], [1.0945113926721073, 0.836976381202372], [0.08700993181908966, 1.9924184728988377], [1.5779106090997297, 0.6144536778266189], [1.4144966868465971, 0.7069679416358957], [0.4810133494356906, 1.7534306093984775], [0.5515154533502069, 1.668334850568941], [0.23710123240714692, 1.942973773378763], [0.7591529800086878, 1.301831595087258], [1.3244498286692707, 0.7493082506844816], 