{"nadirPoint": [1.0384497506196577, 1.0384501381760802], "idealPoint": [0.041667100696651325, 0.04166732262444083], "origValueddPF": [[1.0384497506196577, 0.04166732262444083], [0.041667100696651325, 1.0384501381760802], [0.18653276507537506, 0.9301836759767643], [0.9290664383355641, 0.1982621261622293], [0.7665861074446659, 0.6953569595282663], [0.5153125854937254, 0.7985715222782381], [0.8370222245647614, 0.49056104630562286], [1.0245627134663013, 0.06425427655015943], [0.08750520956654297, 1.0051823723926387], [0.9669331450779906, 0.12660336962422636], [0.45998353208174914, 0.9065946454695898], [0.7115810982118705, 0.7612299834699444], [0.7952935892527659, 0.518732451269141], [0.12334858261124948, 0.9700724902527744], [0.5741863933278194, 0.7742974143915469], [0.7738334365560672, 0.5801303978753669], [0.8789549313948362, 0.47266538353669046], [1.0053241003532989, 0.08735141307384583], [0.0606886994608447, 1.0271172716617072], [0.4850041265827709, 0.8494584819091482], [0.9447916527478083, 0.15294367744315265], [0.778968373255122, 0.5483580882938998], [0.14383967136085427, 0.951870443154131], [0.74991534701518, 0.7319545193017133], [0.6763983389328534, 0.7703028248359969], [0.9077116707553243, 0.4594114530305497], [1.037987538339294, 0.04265901413158679], [0.5272454748416694, 0.788683546560976], [0.11373990142863533, 0.9795719789982367], [0.47971736608727417, 0.862035024985573], [0.9319655488285573, 0.17892473627807], [0.9850679617410634, 0.10824020024528755], [0.8413649202737337, 0.4887098465906486], [0.7731286611820253, 0.6021446101061001], [0.5022907849443861, 0.815227283417553], [0.07122829167703042, 1.0192321707912817], [0.9543487921492604, 0.14051884853406693], [0.9310485423120843, 0.18259796098795245], [0.4700733338121073, 0.8849945593321149], [0.0478038602786674, 1.0352197192964958], [0.10018898203802033, 0.9930605566210858], [0.8143129263296716, 0.5028782135317236], [0.8620222405027451, 0.4797209054878659], [0.5488822403280439, 0.7788142679811282], [0.5986505137612022, 0.7731681637869539], [1.0311501516815327, 0.05472257487266179], [0.06589622437558007, 1.0233503653002542], [1.0149865411662204, 0.07640969394312659], [0.13252252825458352, 0.9613896697283132], [0.7846233515139232, 0.534168680874298], [0.045058803478978005, 1.036716797777085], [0.9734732457535419, 0.11987946602325134], [0.939745407703841, 0.1609325321268582], [0.7575072804639889, 0.7196548033704546], [0.4948282208987584, 0.8285312886847155], [1.0013545900688028, 0.09160246953328062], [0.19804734630818177, 0.9290705602716592], [0.15254067387709508, 0.9450680144381507], [0.7754535645670332, 0.5652921083495016], [1.031871196791658, 0.05347213729727421], [0.6910217130499476, 0.7676395308662601], [0.10776855302779068, 0.9855391734575809], [0.17772808332979703, 0.9323281825843837], [0.7359875831059662, 0.7467658273593046], [0.07783965856877952, 1.0137753113391599], [0.8461582661235095, 0.4865310223310126], [0.9933852261082148, 0.09985849597537416], [0.9774181768761726, 0.11589900131557385], [0.6629921915056167, 0.7717916210065919], [0.8855186471873143, 0.46984335083965134], [0.8237716081457725, 0.49750128829740187], [0.5428182184800289, 0.780819537113914], [0.7887215443089451, 0.5271882882849345], [0.8957381307051712, 0.46525251044396615], [0.058791037831156294, 1.028415893910469], [0.9613648136778522, 0.1325727009620006], [0.7244255995874115, 0.7548767207177717], [0.06407516720058506, 1.0246956953255733], [0.7618494259320954, 0.7100418614637848], [0.5092647601876867, 0.8054103606049046], [0.9507354940259144, 0.14492992073266694], [0.1694361791655366, 0.9354404046467311], [0.9301272855429413, 0.1868536300654578], [0.4877440421859739, 0.8431922552343408], [0.09676603060708756, 0.9964072086079337], [0.08333443944812635, 1.0089710804104557], [0.05671379590647578, 1.0297971564557236], [1.0201097438518203, 0.07011394436532885], [1.0089558960889886, 0.08335141885878487], [0.9330426874289454, 0.17554693504520263], [0.6326339967363687, 0.7730341178365733], [0.9136223333291656, 0.45627010541618834], [0.7538339360293418, 0.7261562132434154], [0.463767894745888, 0.898901343963873], [0.4770767308742471, 0.8684291134630875], [0.5611021545478609, 0.7760021103905748], [0.9355366330393943, 0.16921087710393334], [0.13797084689492187, 0.9565223150386062], [1.0350664689150162, 0.04810880196636143], [0.8706634983152343, 0.4761418598745644], [0.7456239262469089, 0.7373256947927055], [0.09282112234859019, 1.00020022946172], [0.9812482743802009, 0.11205983212924005], [0.6847813287412504, 0.7689294402322361], [1.0280659794588254, 0.05930089509858147], [0.10408157896126405, 0.989215161109739], [0.4980558702604337, 0.8223211245065747], [0.9975928373220344, 0.09553817028700469], [0.042472176018222264, 1.0381375819700702], [0.8296706201512194, 0.49413844456634676], [0.7775822981816403, 0.5534820387317311], [0.8007311674485975, 0.5132640873170843], [0.1301972049452525, 0.9635371074962396], [0.8542289455823676, 0.4829747724101751], [0.11648173644991405, 0.9768359624827606], [0.46757797340153456, 0.8906421128043706], [0.14994426116106327, 0.9469191316434311], [0.5235739734223366, 0.7912898496882202], [0.9567487999671189, 0.13771030742784623], [0.19160293952480958, 0.9294708904484681], [0.773089487378343, 0.6108867107359305], [0.6046909921701972, 0.7731078625238], [0.7717928503517617, 0.6629579241892745], [0.941730278787573, 0.15760897640131785], [0.4825037875312204, 0.8553523684691231], [0.9583893964173887, 0.13584461911088694], [0.7805930529231478, 0.5434364356851407], [0.07423002147103942, 1.0168003710239475], [0.14165389625978628, 0.95339471924991], [0.7732269446456255, 0.5951381287677933], [0.9892053300299337, 0.10408919852212159], [0.5115344570470844, 0.8026724575138015], [0.7072048615957716, 0.762925579793954], [1.0116380458115226, 0.08031507817583491], [0.5816586283597273, 0.7737384167941318], [0.7743267102655421, 0.5738899385089387], [1.0170964373311346, 0.07386700932766695], [0.5075852887144873, 0.8075701338972461], [0.8495170186771587, 0.4849807934607774], [1.0331528257755773, 0.051367824238344885], [0.9004822741022981, 0.46300864916392087], [0.7418946319299989, 0.7413503403962347], [0.5366293365239427, 0.7834125327614141], [0.9700376948052187, 0.1233843663338021], [0.47303716775636767, 0.878077789185516], [0.15598113085708087, 0.9427618579463554], [0.11891873710984957, 0.9744212443630041], [0.697391769534671, 0.7660428265284239], [0.518902075125406, 0.7951412261199275], [0.7688417657754953, 0.6852458783328952], [0.9637751184290582, 0.12994490947357326], [0.12657970276584313, 0.9669557709960667], [0.7919341834927623, 0.522740578024909], [0.8072271352508296, 0.5078453886877514], [0.9371415942159527, 0.16580028639012703], [0.7827679407252431, 0.5380378488012144], [0.9193251185334567, 0.45303698675669624], [0.7200951210541916, 0.7572795627590032], [0.050644893798439755, 1.0335852620847403], [0.9577320212373245, 0.13659045179699583], [0.5310285064936872, 0.7863353695648128], [0.9526106777272149, 0.14260377442450337], [1.026470467150133, 0.06159980331909808], [0.569619303686155, 0.7747742093361036], [0.7633956347583755, 0.7058899093477338], [0.8189541171516477, 0.49999785869790225], [0.7866389165800228, 0.5312035267799036], [0.5780521752541541, 0.7739778039463542], [0.08987196791150134, 1.0029831452769085], [0.7608312048613378, 0.712543901842596], [0.49177611674150973, 0.8344607244522094], [0.6437206474531856, 0.7728253479299885], [0.946287298661786, 0.15081408160048285], [0.8666269878262208, 0.4778134633879614], [0.4578430090724333, 0.9107110444749211], [0.13498404192700622, 0.9591568471342972], [0.5049966103043293, 0.8111492218826292], [0.729638041031773, 0.7515602009134447], [0.8586681068579867, 0.48111758924832737], [0.959583425014753, 0.13450881595475242], [0.11149551068902425, 0.9818126318300847], [0.9294288268617369, 0.19197902684095758], [0.1452907640768939, 0.9504502843513645], [0.08539468615441165, 1.0071162327659609], [1.0132799531133678, 0.07841645372575863], [0.0809731738579832, 