{"nadirPoint": [1.0, 1.0], "idealPoint": [0.0, 0.5474664785607469], "origValueddPF": [[1.0, 0.5474664785607469], [0.0, 1.0], [0.8253836701955855, 0.5754619839752891], [0.22185608799481726, 0.8010306339648651], [0.02706939600229108, 0.9732936964890947], [0.446628428223653, 0.6738361257650548], [0.12201979936935226, 0.8851308432966422], [0.31643366747915164, 0.7287433493399965], [0.6231677209845955, 0.612506039481078], [0.1809978852965996, 0.8344371232809458], [0.9631975684271664, 0.5532401016812515], [0.057547787259738026, 0.9440767744664136], [0.263589956857907, 0.7682885065105374], [0.5349067163192253, 0.6424154561726276], [0.7417406414272478, 0.5892854189329702], [0.36470692091640117, 0.7044221917186365], [0.08530364321860329, 0.9182334267138604], [0.15353336368742065, 0.857672148615994], [0.8909015156180524, 0.5647688186103244], [0.0003114641524689307, 0.9996885843474548], [0.29361169977257395, 0.745565938666986], [0.697309765980315, 0.5967955758066958], [0.23734946716123467, 0.7887156096450221], [0.17116901486250008, 0.8426791361366199], [0.48454168835191475, 0.6601512828776517], [0.1957446413029411, 0.8222221694545951], [0.4195488363975076, 0.6837793981025553], [0.3334992805673965, 0.7164124140502273], [0.13966819347265425, 0.8696467419974523], [0.01524493076200123, 0.9848706849315906], [0.10710222075552173, 0.8984338297113814], [0.040710457186660165, 0.9601070818119501], [0.16806151744300957, 0.8453018322778545], [0.9341282292356293, 0.5578476942949033], [0.7749450872026906, 0.5837360568414302], [0.2751536131926957, 0.7594554518873949], [0.8582863750806897, 0.5700310587729618], [0.659161015101843, 0.6033185631939672], [0.3938654072299739, 0.693342393337673], [0.06958989322941894, 0.9327762793435816], [0.5058509886436453, 0.6525976790085775], [0.9983896611792062, 0.5477196695232983], [0.2112317411695777, 0.8095864306342849], [0.24960285271992644, 0.7791101431108037], [0.3043961894551456, 0.7375685916578574], [0.7939797199038103, 0.5805738030370122], [0.5903379866739027, 0.623427907923536], [0.5527820354050047, 0.6362251061781712], [0.07882502148873549, 0.9242016257221269], [0.09386488016306099, 0.9104057678093079], [0.642045607430123, 0.606266611074165], [0.4599404711852481, 0.6689954815458415], [0.15713682537727786, 0.8545871366545348], [0.13360711490565247, 0.8749337455125135], [0.7201296925865248, 0.5929266878649666], [0.04927504514199299, 0.9519192729173525], [0.6772931792852999, 0.6002068280359766], [0.7598224231905044, 0.5862538333236956], [0.3483121976500666, 0.7106434630909648], [0.32423532719445014, 0.7230800619542442], [0.8041474362526677, 0.5789008220361115], [0.007375848751245417, 0.9926920362425482], [0.9144309777130858, 0.5609834777346607], [0.23130694427508597, 0.7934958696374058], [0.5203656775354555, 0.6474870543833815], [0.20402172554895592, 0.8154446550120732], [0.1867813960029388, 0.8296250759215668], [0.03295417826542357, 0.9675828948998546], [0.14643514353122705, 0.8637817523523604], [0.1785133742573894, 0.8365128690641579], [0.2433625449721426, 0.7839872316130914], [0.06344529516342462, 0.938525459778264], [0.17455075158436933, 0.8398342302298101], [0.41269263382114707, 0.6863162297326394], [0.37208262950351334, 0.701566488933466], [0.8745604792965382, 0.5673933898318455], [0.11674065187356275, 0.8898159353365463], [0.8419492804045179, 0.5726914330141875], [0.2693165787543891, 0.7639013824161344], [0.4335135125559491, 0.6786300264892452], [0.2857380368723961, 0.7514692654633494], [0.47647738890293606, 0.6630381769188627], [0.020698004534001613, 0.9795148746839446], [0.2591130753303163, 0.7717357538345174], [0.297402362239674, 0.7427450996485767], [0.5418723372675623, 0.6399899629528862], [0.6072012574463584, 0.6177655228196804], [0.5623405186417512, 0.6329448204493215], [0.31093891609673185, 0.732758634259844], [0.4064390927418391, 0.6886420801544872], [0.08982352924615195, 0.9140924816280845], [0.49906213921605497, 0.6549850710758296], [0.6291901228004795, 0.610472946349116], [0.10017762560006516, 0.904676710019971], [0.279402388328137, 0.7562357416527167], [0.1619107967695101, 0.8505170700266926], [0.20012568957266053, 0.818627853626333], [0.05353941425731196, 0.9478685807314055], [0.21396563847009709, 0.807376127224985], [0.9815084465166125, 0.5503597990032911], [0.32769138247984186, 0.720585370663594], [0.04657703156393489, 0.9544910318010472], [0.9007642474434667, 0.5631714356880126], [0.6870048723817208, 0.5985477248206277], [0.03816096242934636, 0.9625579927482198], [0.7058813896389077, 0.5953376825803557], [0.08263160378659912, 0.9206902635585119], [0.2546010232625471, 0.7752257333019875], [0.3582484795282387, 0.7068322398829798], [0.22769416385065477, 0.7963677806503181], [0.5173421949644502, 0.6485412768221446], [0.183600044985663, 0.8322686072717856], [0.7521359073834699, 0.5875392032070258], [0.2802764725807847, 0.7555748168565024], [0.8502916168267394, 0.5713339348364688], [0.9228945199097021, 0.5596306996463724], [0.8194630456148411, 0.5763733993419233], [0.5836321533561343, 0.6256951347848702], [0.37888390027726615, 0.6989851729505187], [0.17279206316437618, 0.8413125365242782], [0.18983093607771184, 0.82709895471711], [0.6675835348371089, 0.6018718790925383], [0.029871219211101474, 0.97057051633742], [0.0602321260751858, 0.9415459508496762], [0.12731836630002952, 0.8804533213060703], [0.6150185754674402, 0.6151587606254344], [0.5983083449720247, 0.6207475658826521], [0.6492160475051292, 0.6050334193822856], [0.5284790344441793, 0.6446674008009909], [0.32065291128298457, 0.7256870591371037], [0.7138210914094965, 0.5939920608760264], [0.003754864780787792, 0.9962521759089372], [0.3879025591606793, 0.6955829563374422], [0.13641570369682465, 0.8724798639869754], [0.12049040223161256, 0.8864855955879735], [0.30780941813268764, 0.7350556378163777], [0.33911599370126233, 0.7141862584445058], [0.23460987207696393, 0.7908793335624996], [0.023196776549569365, 0.977070200352751], [0.9534352387204243, 0.5547812893873643], [0.2897035464187793, 0.7484854258765896], [0.2077353040892007, 0.8124221701137468], [0.5477735698010509, 0.6379495939080644], [0.04423615397126926, 0.9567347017670139], [0.11384686227052132, 0.8923946047026594], [0.7249913747825759, 0.5921024449966775], [0.14990024157006043, 0.860793852605528], [0.811183512811714, 0.5777356281375544], [0.012368159704727377, 0.9877081160276773], [0.44035092917398677, 0.6761232040583648], [0.1646310143080113, 0.8482290470283864], [0.941876501851, 0.5566121367768391], [0.12426143491025443, 0.883148924739415], [0.33096955469001793, 0.7182270353524342], [0.9724266543599924, 0.5517978265595483], [0.009836882100344002, 0.9902113417706707], [0.03539505936758708, 0.9652240201344972], [0.06692402962352934, 0.9352662511671027], [0.24060175201230216, 0.7861570479484131], [0.1431823685159147, 0.8665960146547782], [0.7829408671976407, 0.5824039735374225], [0.3535987429068429, 0.7086116987026624], [0.21769755594314077, 0.8043686814087148], [0.5692636313858188, 0.630575936899564], [0.4004312907620704, 0.6910931770083363], [0.49105417091301284, 0.6578297545043457], [0.09675726715534899, 0.9077958253061252], [0.4523899633524989, 0.6717554951681302], [0.7662168504302607, 0.5851871820421076], [0.8655560083207205, 0.5688522633111306], [0.7312088895141529, 0.591054420353047], [0.42586720053766314, 0.6815008849770303], [0.07567958982674727, 0.9271132154804983], [0.2725119059938838, 0.7617038706728436], [0.19288233891285622, 0.8245789892918581], [0.5561189355056897, 0.6350773904830391], [0.3006965317254188, 0.7403023969528952], [0.07245190370892923, 0.9301104804489009], [0.10433651993290599, 0.9009220681687888], [0.8342986318488994, 0.5739540196629337], [0.9053484344476721, 0.562452077405322], [0.46876271220027227, 0.6658132719898621], [0.5122858737642964, 0.6503171359459777], [0.19809397634561304, 0.8202927613994386], [0.17710475914266688, 0.837692024027961], [0.9765002766476926, 0.5511459984065297], [0.9681188633013373, 0.5524639343917175], [0.018556472200826124, 0.9816146390874914], 