{"nadirPoint": [12500.0, 114.08675230108531], "idealPoint": [2496.4237797206933, 14.4], "origValueddPF": [[12500.0, 14.4], [2496.4237797206933, 114.08675230108531], [4950.642980908602, 40.85264577248097], [8647.004808522137, 20.816491636407363], [2839.9304313745047, 94.02670404811494], [3682.434163796597, 63.68108212638939], [6672.7121516065035, 26.975537968719916], [10714.233950687749, 16.800081165713742], [3238.4989997914745, 77.21418897640623], [2616.7942565362296, 106.30799896105266], [4123.747535919721, 53.73715395840444], [5119.844328639935, 38.84564974305204], [12492.057666409926, 14.409345210480266], [7757.919162147367, 23.20209791283473], [9799.431873073549, 18.368411794830294], [4528.127709347462, 46.70192311708583], [3042.7155684229992, 84.78613530583338], [2509.890475639868, 113.2333568156947], [3501.0799321050054, 68.6929677042843], [6126.894053608841, 29.6723681833827], [5452.476957539285, 35.3445133792123], [9256.370812733494, 19.44606624362797], [7380.652234739421, 24.388088515100595], [2685.6694554291794, 102.24308032911934], [3876.0381627477786, 58.96995039037599], [4008.36643726579, 56.07401218714559], [8096.830910968699, 22.23091997094268], [4319.766795244279, 50.12133081812839], [7011.706968643203, 25.671352326184113], [5198.3810320862585, 37.967379214641106], [3359.603350632102, 73.0770114525474], [10127.77216574001, 17.772911658587635], [4732.925333778088, 43.7037331153185], [6516.216951420711, 27.623389666416053], [2940.955090459068, 89.22369164836265], [3617.1325488373677, 65.4133094308624], [2764.443820391601, 97.9041592434516], [3130.540443655732, 81.24259352190691], [10328.71253152457, 17.42714781252907], [11269.633125886969, 15.97212597689006], [3967.7226168652496, 56.93781560438836], [8927.010774343209, 20.16352444844486], [8320.011162867626, 21.634586357689468], [9478.852268604776, 18.98964082351869], [3792.7483559467096, 60.92312691520557], [5574.949832134945, 34.18623800433081], [10921.295722657746, 16.481560848733817], [2542.6757456199452, 110.98806875061406], [6319.561078253015, 28.482990791784445], [7698.039019162142, 23.382578284149997], [6040.074757236899, 30.32775956446254], [5077.02796775273, 39.33709597047914], [2990.7401766065836, 87.00510388004687], [3445.694645619814, 70.35552821226068], [7972.37953566669, 22.577951688667003], [7192.893282077166, 25.02470048436747], [3331.2271533084504, 74.03417234586458], [4456.664633297171, 47.830084156063826], [10461.182758899458, 17.20646738982471], [4618.32322196478, 45.3405132011262], [6892.27909462638, 26.116179790272625], [5891.560904121542, 31.46785988207589], [4232.655173544785, 51.67653956349316], [8481.500784040709, 21.222659124043073], [3558.9451107623145, 67.02407516937458], [2729.650420831771, 99.78200120432759], [2805.4317596386527, 95.766389647444], [3086.6160329980376, 82.98294689347159], [9925.341478042608, 18.13539618744665], [7578.115981549238, 23.75264679954915], [2876.948428647635, 92.21777550752756], [4836.947607574311, 42.30149457209599], [3275.3735375944734, 75.91390634276303], [5309.502494862016, 36.78172075885951], [2581.485384632969, 108.4946340228938], [4420.992666673955, 48.40978475773494], [8799.881335951646, 20.454821278625143], [9665.917768212375, 18.622132353738134], [9397.159000082009, 19.15472538013129], [4023.3665391966515, 55.76071904742748], [2662.3067155217773, 103.59186063337513], [3171.6510176746915, 79.66813899916839], [6836.325801918253, 26.32993295162915], [5698.702610739501, 33.07873402383019], [2497.3656116026664, 114.03391925859198], [7908.050059154088, 22.761616157403832], [9357.377375587854, 19.23615910475043], [3388.5491326076535, 72.14269215107248], [6620.683668762925, 27.187524582885416], [4175.927066845576, 52.73311271373926], [6072.728957522633, 30.070241122005235], [3931.6702802456434, 57.72276454209547], [3744.1943660967227, 62.112422393962866], [9100.07578418056, 19.780153175557032], [4285.276008573323, 50.727628315501775], [6391.120407977088, 28.1640758598966], [2739.9421800726955, 99.22033773729504], [4055.5875135004726, 55.097526082532596], [2528.332125071822, 111.93388383267933], [7083.178416625863, 25.412320488426246], [2966.1271004653486, 88.0903011776113], [5495.041808395277, 34.93464104378066], [2597.2249670070964, 107.50988849966079], [9055.51133058036, 19.877397689531016], [2627.438362580809, 105.66081593651052], [4675.995741990076, 44.504262088742735], [5156.886605082683, 38.4265498079657], [3310.109230298162, 74.72213582987648], [10591.584149164875, 16.994624927206274], [10181.286381192253, 17.67949483598767], [10006.464762348473, 17.988370945680003], [6252.300317554487, 28.789404036561834], [9725.297773739925, 18.50843071211997], [5647.314510918031, 33.531256203576326], [2783.842678240204, 96.88260175237323], [8171.268281115211, 22.02840413598973], [10762.772458448486, 16.724315290964352], [5250.92332196552, 37.398938420397556], [3068.4755248697147, 83.71991744878443], [4996.2952260160155, 40.29402719414936], [8547.866975337527, 21.057885027848414], [5972.427686736779, 30.830957856527114], [4899.382355550632, 41.49554025244465], [9304.783097483638, 19.34488940947788], [5406.706710075672, 35.79527287266381], [3417.4327983334383, 71.22997472854021], [2561.8007168944255, 109.74748411482676], [2895.2134669140864, 91.34649327402485], [8884.039522729856, 20.26105349255473], [7820.955207006276, 23.01509153750809], [2644.6384698336014, 104.63170407823326], [3703.099784951842, 63.14890162936658], [3523.280697795776, 68.04450907952427], [5830.608037383841, 31.962600958519776], [8393.078031809366, 21.446244073724632], [10396.12663442203, 17.31414076892947], [7512.313252077331, 23.963291682631304], [3013.548232748743, 86.01922882977645], [3591.1649050077503, 66.12409523577219], [8733.50527955662, 20.61028123740233], [3218.1683766797996, 77.9470373352868], [4353.900628051742, 49.53304399252846], [2695.6679666926693, 101.67476107113393], [2859.3668329598854, 93.06962244329127], [7133.77060286447, 25.232098145645928], [2795.4010927430627, 96.29655943668358], [9543.549754793508, 18.860906541571715], [6452.07221897686, 27.898013830437808], [7636.335932303368, 23.571514086822802], [6752.956333632882, 26.654992436944358], [11092.040037211915, 16.22785343336611], [2916.633891793168, 90.34220946481754], [5351.203634490482, 36.35263298372856], [4098.929666771214, 54.22593607257584], [11442.543292820148, 15.73076853578038], [10272.028402698023, 17.523316032958174], [3192.0678135584067, 78.90501261788823], [7445.327494822173, 24.176236723660626], [6163.804452891662, 29.406342470575286], [2751.8597540046176, 98.57744596410036], [3656.489494970271, 64.36003476153284], [4565.036333613801, 46.1366881083408], [6941.48443567013, 25.931052884745515], [2824.7151047481616, 94.78754062812914], [3816.0653935751034, 60.365961501680594], [6798.841423038987, 26.475099035262172], [4777.14377373795, 43.0983383570941], [9017.942516674668, 19.9602070729112], [3141.057514770329, 80.8349049593159], [3477.5678066644837, 69.39036174360139], [10657.568837045364, 16.892893916894618], [6709.861861246771, 26.826185653627434], [2707.975570767105, 100.9851818342455], [6581.883101519827, 27.347796556185262], [10824.154411981252, 16.62947452050001], [11726.668400346369, 15.382949193534772], [3258.461335917267, 76.50571789823319], [3156.016230568283, 80.26088510730109], [7324.203656858657, 24.576050644282848], [3902.9542586313246, 58.36096143356713], [3721.3180323828205, 62.68556955174526], [9618.471164753673, 18.71700480764767], [3767.902275112424, 61.52665712046238], [12126.709902591698, 14.863548161876798], [5751.229632773491, 32.62659070650742], [11151.416753410083, 16.14144677580598], [3990.700708765186, 56.446761172152506], [10517.30288991047, 17.114654002470427], [3100.404466775915, 82.42998753947487], [8244.130340597942, 21.833716104881642], [8025.508863991252, 22.428484355381084], [9176.214619832037, 19.615931782041816], [4385.692620870445, 48.99541855886024], [2673.6570305408545, 102.93287586664236], [7258.228746651794, 24.799438855553248], 