{"nadirPoint": [2.066461233179277, 2.0384047267302994], "idealPoint": [0.3706356072233926, 0.33108355388731486], "origValueddPF": [[2.066461233179277, 0.33108355388731486], [0.3706356072233926, 2.0384047267302994], [2.00731825936875, 0.3480215859267649], [0.7556024399655145, 1.5179287143486955], [1.5294633825032324, 0.6610184107825888], [1.296447492766926, 1.3196096930214156], [0.40042518980732816, 1.8792049586495212], [1.7158056934672243, 0.4239818602381509], [0.44974292287777917, 1.5852635532049424], [1.8617234571484889, 0.38744587210325343], [1.4984993763030088, 0.7547899394607714], [1.6005229936718453, 0.4507402733646133], [0.37506199725522493, 2.0153014902708852], [0.6263147138784498, 1.5495164606753744], [1.2676792181467442, 1.393169581435826], [1.4508697865395777, 1.2412521084974897], [0.43003731917474763, 1.7067217338304201], [1.5627345641884245, 0.5581256947779828], [1.9209962433254477, 0.3717538748809099], [0.8421816217198875, 1.4924612834568582], [1.4723569936157115, 0.8324634205894297], [1.7748470813907933, 0.4095574662584844], [1.3687971171610063, 1.282902545620406], [0.5318940434932543, 1.5691998002630787], [2.044671805720417, 0.3373579275271259], [1.2336142672043016, 1.4783452009344873], [0.41744898333792635, 1.7814815622494307], [1.584676074601958, 0.4890594650109382], [1.66553751886528, 0.43587833962614136], [0.38455244392843047, 1.9664024759945231], [1.9764562408775617, 0.35662699161284867], [1.8046358576852424, 0.4020946853745859], [1.5457280183488573, 0.6109958455521963], [0.441596450189849, 1.638096384553735], [1.4097966544058875, 1.2623987279003732], [1.5177224303697594, 0.6967995620412278], [0.6606875998936381, 1.5415542794011194], [1.891086594770906, 0.37973460375240087], [1.6362427429516047, 0.44265015121292284], [1.4868868541966707, 0.7894602157723019], [0.40911527859931285, 1.831442339832479], [0.5673137123940197, 1.5621919954173198], [1.2537354618306604, 1.4285596548592636], [0.7021532325169152, 1.5323738027820284], [1.954899530833855, 0.3625572059636326], [0.39301938394306163, 1.9202498978637212], [1.4643978269963442, 0.8558600224520785], [0.513714706759072, 1.5726649599897748], [1.7521906455102845, 0.4151513598113276], [0.7933558022160486, 1.5068342071685599], [1.5754066843974064, 0.5193930855068389], [1.3303182521410837, 1.301594499094876], [1.8303362805450567, 0.39555633160049664], [0.42474010565742715, 1.738527467152394], [1.2853529633563208, 1.3482665708176256], [0.8696555904171809, 1.4839262249837557], [2.029788126309939, 0.3416431698165088], [1.9365033811992645, 0.3675673086926078], [0.470777554716285, 1.5802289766652529], [2.0644761671354055, 0.3317337759179869], [1.510332484573712, 0.7191795946439548], [1.4363811811068263, 1.2487808285857773], [1.8747199267233505, 0.3840473006676621], [0.3715791675729001, 2.035340522793293], [1.6954653259359143, 0.4288395294209377], [0.5968645563171916, 1.5560000479064635], [1.5375441992474175, 0.6362316013261111], [0.4461381312079767, 1.6078884076289623], [1.2451191788734162, 1.450096675030355], [1.5911862970769568, 0.4683817197755983], [1.3578790117662352, 1.2882600608787464], [0.43523962654594, 1.675181302664021], [0.8159602245424425, 1.5005102684358758], [1.9059042792728949, 0.37580824720479594], [1.9919747669546073, 0.3523169643230046], [1.3980578260720444, 1.2683595841952673], [1.5560720970097544, 0.5789071907087465], [1.8436776502719125, 0.39224944349703034], [1.5238886517301575, 0.678042358848522], [1.2804805168923579, 1.3620965787736947], [1.7336881236429775, 0.41966452400228776], [0.38026832708880565, 1.9881812979564666], [0.38859932792069085, 1.9444773918986369], [1.8191595890796428, 0.3984111115989581], [1.609255836786941, 0.44877841992344214], [0.40367132281544627, 1.8615476112469067], [1.7824581325420996, 0.4076625527684128], [1.4829112935760465, 0.8020188914896367], [0.7287002924513034, 1.524546392658961], [0.41483789348543443, 1.7971067942083154], [1.6448377586473812, 0.44067440041155775], [1.6247550284651757, 0.44527059216764925], [1.4912177722538242, 0.7765605879113465], [1.5683209582974076, 0.5406293023462285], [1.683857752578137, 0.43158364169621294], [1.2912720732550471, 1.3331652363770832], [2.0227072644978317, 0.3436812350793864], [0.4969455338627988, 1.5756718435829653], [1.3134841684282828, 1.309604667272842], [1.2635691595365561, 1.4037979508250762], [1.5524723807724168, 0.5900977651865821], [0.43846890024567703, 1.655413192988441], [0.395967466546342, 1.9028393306558498], [0.4225290456312224, 1.7515812640547468], [1.5078640404128496, 0.7266306644209767], [1.7636898303779474, 0.41232370203201335], [0.6156717384760082, 1.5518955915578911], [0.6393810436567193, 1.5465399782220532], [0.8537701864725069, 1.4889239353395727], [1.9685176036044933, 0.35881872848624646], [2.0551857470343875, 0.33452376806719814], [0.4285927537971738, 1.7164830662089974], [0.5545907438456352, 1.5647630844993483], [1.418639773393766, 1.257896367422959], [1.5815200015394284, 0.4990554400870787], [1.3796476466086243, 1.2775352928268058], [1.275996717146099, 1.3722298250079938], [0.37759728055080466, 2.0026281059308255], [1.9418959345863902, 0.3661047165962344], [0.7714517651572927, 1.5130035534658137], [1.725385555180377, 0.42169345364081684], [1.984695163479174, 0.35434596367602816], [1.5022550583884877, 0.7435201643683534], [1.8679610853586095, 0.3858181228956873], [1.4701342633153658, 0.8398105649535802], [1.5662810784607928, 0.5470274001599577], [1.5591761826639392, 0.5692361970411717], [0.4327724342169767, 1.6901924683112828], [2.037658143973893, 0.33943374879910143], [1.2388885033783679, 1.4655776818625874], [0.373506343337761, 2.0254710082730503], [0.44388767189426953, 1.621920856295589], [0.5869600322544908, 1.5581104186885835], [1.4592635836477332, 1.2368556488236704], [0.42000489266565516, 1.7664835894792177], [0.44812499050802596, 1.5954413159501017], [1.541356904512217, 0.6244913114104199], [1.5779739323867685, 0.5102583219135607], [1.5933844866429483, 0.46170174611535914], [1.5868406268268265, 0.4821938510611682], [1.2584437834256348, 1.416727850348104], [1.7981147525536008, 0.4037464201743055], [1.6747330535110347, 0.4337286415066006], [1.4664887766108932, 0.8497929558701327], [0.40570662902778604, 1.8492218627985484], [1.4797191377984278, 0.8107332568489177], [0.41190743606972835, 1.8142956689935033], [1.811879100417973, 0.40026131792627806], [1.5204162068414735, 0.6886163318571555], [1.5152214369753285, 0.7043858864938006], [1.5333630135271945, 0.6490733322313388], [0.8286047746334981, 1.4965442772263085], [1.9140268519556234, 0.37362444125538163], [0.669310171730627, 1.5394902305215457], [0.7395131521741654, 1.5216893304850176], [0.3863546210969653, 1.955674317137227], [1.657430415226204, 0.4377659269690188], [1.5128973397338186, 0.7114243955275977], [1.9285047200564525, 0.3697309326384975], [0.5212358599800268, 1.5712199929923987], [1.2485410638166659, 1.4415996287973243], [0.4603148508580913, 1.5819823594363291], [1.7046892461859133, 0.42664322311959824], [1.3468205877555868, 1.2936550951624488], [1.3074181363242565, 1.312466164556606], [1.4948130542793419, 0.7658236805037598], [1.505326383687097, 0.7342780939165645], [1.7911941150327857, 0.40547754477740217], [1.8364682343610597, 0.3940747661513246], [1.442528124752001, 1.245846899265205], [0.6897233344744841, 1.534491343801521], [1.7425963224885077, 0.41749711013446766], [1.5722773080834893, 0.5282059361525301], [1.8525372779642293, 0.38983385458222547], [1.6146846798029661, 0.4475591632767296], [0.4856230921231291, 1.5776751762108603], [0.39842188091299524, 1.8902791445408689], [1.429631949688097, 1.252262269148551], [1.8823085588420505, 0.3820517092201201], [0.6047744202576832, 1.554289320801402], [0.803552275167856, 1.5039040829039962], [1.2721652842667739, 1.382308504118874], [1.5890363060553188, 0.4752222105897016], [1.9490881549007815, 0.36414660354115524], [0.7198073069534104, 1.5270011629072322], [1.998819589297595, 0.3504043585594919], [1.5493276574927788, 0.6006332035348838], [0.42644741193653934, 