{"nadirPoint": [35.30931940815616, 0.014466304916116852], "idealPoint": [1.7255885325354654, 0.00043904], "origValueddPF": [[35.30931940815616, 0.00043904], [1.7255885325354654, 0.014466304916116852], [1.7368613609612584, 0.014183139165970663], [3.907811307772841, 0.0044381482409476345], [1.8037973838015373, 0.011272635025069984], [14.223991473621462, 0.0011363300479211122], [21.917188537240676, 0.0007300146065909214], [2.5023525731601914, 0.007420667662719564], [8.193088978046477, 0.0020195338335519575], [1.728114081510411, 0.014330042375812459], [3.372983632659398, 0.005229643172530067], [5.517730778898727, 0.0031315954126737984], [28.797979539265807, 0.0005549804097924573], [3.1230607085307813, 0.005702649704490992], [11.093680769699795, 0.0014869749991678744], [33.56439999114592, 0.0004636519290366448], [5.333377648542143, 0.0031845083951414343], [34.228730024218855, 0.00045731743902235905], [21.37515789585228, 0.0007436160618001976], [2.825879916547848, 0.0064117335658199276], [17.27960491942279, 0.0009191976080247742], [26.49495934258685, 0.0005924620230512203], [4.626556779536277, 0.003720062494402282], [9.691838945314535, 0.001700493992412488], [3.4656168555497224, 0.0050814473335237895], [1.7278657912915514, 0.014331545055737265], [2.24594126775105, 0.008437002624426593], [2.6308430857160636, 0.006922090895159818], [6.131361056825405, 0.0027440329836042757], [1.7481506056463298, 0.013522239085162967], [30.346999102901975, 0.0005211081699403467], [15.070357772619653, 0.0010859475846988825], [2.687524101930899, 0.006788652996488558], [1.782032470711227, 0.01221114790894005], [7.4525514004120605, 0.002235776546354991], [3.032937989706815, 0.005889559313783502], [25.1199041535124, 0.0006239580226606225], [16.54836895708636, 0.0009888944438411422], [4.4664208196472295, 0.003926010762755168], [19.705654389456033, 0.0008020614168129852], [2.3792704500667443, 0.007865622009111412], [11.973994518576063, 0.0013677326506187375], [35.09047523997374, 0.0004428759561649356], [22.57092720001794, 0.0007006024033848251], [8.818459639141864, 0.0018748571639540907], [3.2899904631747017, 0.005415596572010041], [3.69817472188317, 0.004788753634211948], [2.5758709542715224, 0.0071205208925679934], [6.770254830126705, 0.002500605142856121], [13.692615362046135, 0.0011706999701090247], [1.7283934944080859, 0.014327698879414492], [33.25420562181871, 0.0004669932221343124], [4.15696670028647, 0.00416776865481573], [5.083232485664301, 0.0033497283395176104], [20.45240252672375, 0.0007869499593775548], [1.7385253417154574, 0.013975106871944365], [15.589964566758825, 0.0010391138961283394], [32.15430985563257, 0.0004842837545949838], [5.750779323404918, 0.0029286249383639945], [30.705644591021517, 0.0005140703759802503], [26.39502151865312, 0.0005941130063353627], [10.075433643703274, 0.0016187905230871334], [1.7605595710052897, 0.013224605573116015], [9.170299625474618, 0.0017961497973556823], [4.09320642688137, 0.00421922818014982], [17.61071770856638, 0.0009127009141654478], [2.445326523167624, 0.007576721468241562], [2.7200937429162346, 0.00670526215219335], [24.203711985073717, 0.0006507489281129715], [1.902259262043993, 0.010265839895135354], [21.655423217210085, 0.0007365123764990213], [31.73743905736842, 0.0004902114081385053], [3.0962048142073124, 0.005865290312348607], [1.7769966670480442, 0.012356645738831988], [11.436863767828767, 0.0014190091589431752], [7.319295901542269, 0.0022766823981314535], [2.0269061725007913, 0.009464524929611006], [2.360240767627864, 0.008032913852795951], [4.954726554438219, 0.0034972985427698033], [33.709008097739236, 0.0004606880346325385], [31.277516195551698, 0.0004974314928750076], [1.9555386055868706, 0.009928454869652773], [7.91483229670084, 0.0020937798876476733], [32.79348170151163, 0.00047486513479794314], [3.3345944325114085, 0.0053105860281635105], [5.926870500922799, 0.0028370927012604952], [23.130696547180456, 0.0006787732656937472], [3.012701509477119, 0.006056741683002617], [2.1338704737576664, 0.00924712270410412], [1.8577083292750844, 0.010664409609703614], [10.584186392201339, 0.0015314089334008225], [22.108048160334196, 0.000715133000719726], [3.173437396972623, 0.005612084982298966], [3.3355919143513857, 0.005299862778137897], [29.985280718862516, 0.0005215284787694638], [4.759329452202956, 0.003653419629714153], [3.823958432227256, 0.004565526722719532], [25.880837777234394, 0.0006049513306019545], [21.111624508162894, 0.0007499738337336927], [1.725682062253137, 0.014464322573284396], [1.7518727247462311, 0.013401698067780033], [2.546305767561087, 0.00723227710740264], [2.3126867329997403, 0.008248476552244454], [12.619631784409986, 0.0012912259706890758], [20.636612816207535, 0.0007643463129170375], [13.211226612200656, 0.0012168943024075019], [2.930163387600569, 0.006171734700376593], [2.622439153078285, 0.006983412946344005], [18.438791939394857, 0.0008616386597279787], [2.362524948297448, 0.00791852930179785], [9.325063196561146, 0.0017663809365873143], [1.8965491783032722, 0.0103669757787098], [5.559935050980041, 0.0030334927057457024], [8.301699544942368, 0.001988786441012089], [29.112827057486456, 0.0005375082203630847], [15.909493856522564, 0.0010177143330351026], [2.7486466579223796, 0.00660856798641217], [5.719319738930089, 0.0030218131722287945], [2.689642929319964, 0.006787373149227179], [28.189896849882572, 0.0005583322652693352], [3.2899904631747017, 0.005415596572010041], [3.324544158151099, 0.0053466509615664225], [34.6727527097371, 0.00044786939927667064], [6.851595972509633, 0.0024349599980202016], [3.1086950540351026, 0.005788834352385755], [13.469362223818743, 0.001193806493598008], [3.1181805361098727, 0.005708525064081949], [7.102188401593759, 0.0023452826792220243], [3.7658743089219286, 0.004628274919480373], [23.682992471623912, 0.0006687749213668971], [2.548218041920082, 0.007202170950814948], [26.14004232826552, 0.0005990039761571357], [4.861108131346199, 0.0036117996547424674], [27.195755397027817, 0.0005764956371123255], [8.537130753800284, 0.001923743915759972], [6.223808463634891, 0.002709397706865361], [2.0450145416127365, 0.009360281885576653], [17.017845069135824, 0.0009332226605914298], [2.8076568338985806, 0.006464600951065957], [6.376158461878964, 0.002626372937438815], [19.42528970190223, 0.000825073697860926], [14.621750600138377, 0.0010992136153268092], [9.576020552673711, 0.0017300626467213326], [3.173437396972623, 0.005612084982298966], [16.57489905409557, 0.0009608620940356442], [2.176859292581085, 0.00874454690115321], [5.21896399404971, 0.003288765682281606], [2.326550689307343, 0.008159829652954318], [4.232782430741042, 0.004076656775024804], [6.095267780457109, 0.0027556687660300863], [9.933812619224785, 0.0016805833640992458], [12.246568121572158, 0.0013244609938117804], [23.461948916849035, 0.0006749210182806655], [12.814367667172268, 0.0012589152158336238], [11.233480920431866, 0.0014388589257302855], [10.420684416966953, 0.0015795258864913088], [19.823941516037717, 0.0008012977366235395], [3.576463154225657, 0.004909860907624331], [1.7857307572071637, 0.012129085662599504], [24.922900697282028, 0.0006283439377833797], [16.7691846740933, 0.000949889683209414], [30.72908032102952, 0.0005084311920829058], [21.917188537240676, 0.0007300146065909214], [2.412856338190641, 0.007660558928768532], [6.086027715713141, 0.002758672340854256], [5.99483491567694, 0.0028294798589458617], [32.59678737716824, 0.000476617935463643], [1.883579969010355, 0.01038447673760132], [3.304891349833799, 0.005355800289298728], [1.821356981729516, 0.010845698300265886], [5.719477946366755, 0.002946186898763475], [3.168069859123711, 0.005681300959539643], [17.76211826800534, 0.0009060947043686194], [4.143877928409241, 0.0042058289722479], [17.89613851575908, 0.0008915896973079228], [3.372983632659398, 0.005229643172530067], [9.03691618085708, 0.0018278419455312683], [6.064667360290148, 0.002775064370179403], [5.719319738930089, 0.0030218131722287945], [5.832120361033778, 