{"nadirPoint": [222.98523499751505, 2.6167904247373217], "idealPoint": [10.100040257044409, -217.73897335582654], "origValueddPF": [[222.98523499751505, -217.73897335582654], [10.100040257044409, 2.6167904247373217], [47.34979379239599, -47.59977330575807], [173.01728416543318, -173.19429205907338], [110.806718966538, -111.0566166799864], [212.50263033592108, -212.75183822962393], [13.077688280933902, -9.468190566044026], [81.90644344127708, -82.15097902925518], [145.1935622220752, -145.4435578076897], [192.4714830369564, -192.7132212677977], [24.6027717209101, -24.852752930639237], [131.00814282291407, -131.25814038297625], [66.14728248273163, -66.36861096626967], [99.8602816609423, -100.10973905969311], [36.72736279124005, -36.97722351526404], [155.59500652544622, -155.84500652427042], [55.11783584913744, -55.36783583625835], [201.7855447050426, -202.02706481536865], [10.137138793797375, 1.3073485249294885], [118.15155725949921, -118.39983550433733], [221.83053459500752, -217.68359770038327], [161.42158034433103, -161.66812917949966], [91.83387604827, -92.07718786548892], [183.17770881224587, -183.42428589560825], [76.53307082712276, -76.7807211643898], [16.46152926219952, -15.25407919557692], [27.680080088786607, -27.92707688962463], [43.90809714474463, -44.15809692117301], [137.11397642773895, -137.36367992975758], [212.95080797093, -213.1858546256652], [152.08452526423835, -152.3334524958674], [106.3063950411036, -106.55637551597432], [123.60582706541106, -123.85552468810948], [207.38799280995306, -207.63799224075242], [87.08965794158942, -87.33961608367277], [72.4243535988883, -72.67011576470783], [60.90441077674966, -61.15441077064225], [197.10373243113432, -197.3537321384261], [188.91152423450734, -189.15668025782563], [179.60367165490615, -179.85130545880446], [32.27648442486476, -32.46692498020013], [115.34545145450534, -115.595451454204], [11.233482645749785, -4.775092260909491], [142.1987768255013, -142.44877571482422], [98.33179900194692, -98.58174154377522], [216.10895442662914, -215.6542066683042], [21.050889908918368, -21.088717782388198], [126.9914908557293, -127.24148786305844], [94.67561122467002, -94.92560935790455], [55.87938106983884, -56.1293810678353], [40.057989813088724, -40.299269417008205], [147.62248983162712, -147.8678693495428], [170.2376120768422, -170.48682125837027], [123.04882177376481, -123.29500669600382], [204.2961027507663, -204.54600348356726], [175.72552178297892, -175.9725001016529], [102.04895001870037, -102.29894194335128], [149.35913304727433, -149.6091311094913], [134.39445184071693, -134.64445176305745], [68.61359773130904, -68.82647819254032], [198.82349037939207, -199.07349029510127], [185.91903168186454, -186.16903070944804], [160.04175285871403, -160.28016216142623], [19.289223857726732, -19.014749923089965], [89.56613259274022, -89.79944895211872], [70.13563453897915, -70.37908324143345], [57.05252185973909, -57.302521857027514], [14.643348406423918, -12.403561723638632], [29.716917251461624, -29.966424729770793], [74.65728389398082, -74.90721986041939], [79.08219342462492, -79.3321449943813], [84.26277869246957, -84.51277425588376], [35.00908687145803, -35.25808201145349], [111.89317067573151, -112.06380592058056], [128.84906486082195, -128.96598327422538], [193.69954217098868, -193.94945279304096], [53.39117586379264, -53.62590439903895], [158.7877706671786, -159.0377661313939], [163.84058909872766, -164.09058908031412], [168.13691716976976, -168.38691505019042], [140.73499734721474, -140.98499254360837], [210.8481909954832, -210.94235790067228], [104.30599752202959, -104.55599752200581], [120.65468896070519, -120.90468896046212], [219.72275748597355, -217.2847378412455], [177.3006542383427, -177.5506239646272], [49.60240306746255, -49.851943212786466], [10.452980319290576, -1.4826135469688477], [41.69313162137216, -41.93622349273133], [10.793473336347457, -3.146924436245624], [23.10151092923747, -23.239529125335416], [11.931496853299924, -6.81678316729791], [191.3360654830554, -191.5860081993274], [37.68360398929436, -37.933567191539005], [96.22361583422115, -96.47359284338035], [153.92108182090047, -154.16816342223703], [46.01270988015031, -46.262709460393694], [209.45612692052805, -209.70588666882105], [58.40105030689343, -58.65104983028015], [121.83670562536875, -122.08669761030089], [117.20971969497482, -117.45953007330994], [67.80037825513307, -68.04689852147777], [200.94920092264306, -201.15758415175952], [125.92785544670512, -126.17785544670414], [30.932988083447768, -31.182914326313355], [26.614267030209888, -26.86405928808867], [113.27196635044474, -113.52175039518539], [222.66549302685414, -217.73464984285707], [85.37353066480642, -85.60427209524191], [172.07754714081486, -172.32656556878695], [206.64076814908432, -206.87131326935517], [180.94866043309725, -181.1986175760763], [144.15771957124795, -144.38029759885325], [195.1720736473993, -195.42207364150264], [93.53363660337207, -93.7821947048063], [215.12450318351728, -214.99326950002916], [150.51279634960355, -150.76248782158007], [157.04957858692794, -157.2967777949313], [15.659227087656541, -14.050829202159155], [10.105543856503402, 2.109291820650798], [133.0774270515853, -133.327180116946], [211.77209620790205, -212.02198684561532], [165.0542822885971, -165.29415643614843], [129.80483651565513, -130.05231717813044], [17.595767553722098, -16.840444640907062], [90.60958131937139, -90.84836224124767], [108.91740875490751, -109.16740565936674], [162.58043552979564, -162.83043369705373], [135.30338443966815, -135.55332669759483], [33.416703762370794, -33.66642051030378], [71.57652774743842, -71.8265277457661], [128.0195602491633, -128.26954525679466], [62.93008051768946, -63.17983090929674], [203.19401804362974, -203.44397022685177], [217.19322906220657, -216.2564748628206], [182.23225305265464, -182.48110991248404], [102.66897651128042, -102.9189765112637], [174.58297493155385, -174.83287465147936], [189.82113127330177, -190.0601925023193], [50.61428657562264, -50.86428656700202], [80.50644171412378, -80.75644171078415], [13.779306869899344, -10.754025611628826], [138.1850214210808, -138.43494089456559], [187.31750249348732, -187.5674012293792], [42.87924255126687, -43.129179827096024], [88.42837493700102, -88.6699452824096], [54.37408250189077, -54.62408246143893], [101.33225679068184, -101.58225679067606], [184.14749405073252, -184.397434307912], [73.4154406371005, -73.66539227262867], [116.22992548831769, -116.47949550857889], [59.802470853342385, -59.963988182615864], [97.36825183322692, -97.53218450393476], [10.241872522005114, 0.02448529801831789], [166.92297227312517, -167.16208626610228], [146.93532431399316, -147.1729062062798], [107.61226517427443, -107.86226513833276], [40.77550365046463, -41.0219524504068], [83.13364207996788, -83.38355181297604], [28.730482448285883, -28.974200763125026], [169.33260331406842, -169.5793727808429], [136.33177908431986, -136.5811303475642], [95.60260405114394, -95.85196582566144], [118.88315408965832, -119.13315408882211], [218.5901216951689, -216.90552892234658], [77.88178736881788, -78.13167748070697], [12.590541671475217, -8.409712099640693], [132.3206293441621, -132.55958143718408], [139.40321590048381, -139.6218496638294], [61.59568124066317, -61.845680663344176], [38.82402961369594, -39.041475387160624], [34.32675753694958, -34.5767394904583], [171.33433737832397, -171.56017335499502], [52.657030062233915, -52.85174285477072], [196.33606782197074, -196.58606782012407], [200.05219978267283, -200.30176678600253], [105.22333371074217, -105.47333371044328], [70.75787825691872, -71.00785525066843], [64.95168585797352, -65.20165591395256], [100.42652943123133, -100.6750242492758], [75.7710776398583, -76.02107760873092], [21.95897963172605, -22.098059239790047], [154.7048028553219, -154.9548024574045], [45.101147068118564, -45.303735263206065], [205.51306370515385, -205.7606421579702], [25.335310867854055, -25.585148331166373], [124.84288274785374, -125.09287901844593], [220.9113230127477, 