{"nadirPoint": [1.0, 1.0000495564736362], "idealPoint": [0.0, 1.1119704470567506e-05], "origValueddPF": [[1.0, 1.1119704470567506e-05], [0.0, 1.0000495564736362], [0.6649703221175292, 0.38174803257485207], [0.2531287499379412, 0.8485193541200146], [0.9449271697173116, 0.055121969803748595], [0.3085266501635848, 0.8324009171547222], [0.8285247165896883, 0.31583961100869856], [0.0787366158910392, 0.9217185206651088], [0.36009812503371563, 0.7817303277514893], [0.5434504851876095, 0.45669617270503465], [0.8535326368619482, 0.1640337408839599], [0.7689490581204779, 0.36580200329814744], [0.16967718705173407, 0.8535050857822363], [0.3794415444071622, 0.705656278423813], [0.3166376677117756, 0.8280634898053484], [0.8520124146851392, 0.21975423363597155], [0.003152242182146381, 0.9969820926945243], [0.5999259730041011, 0.40023699573526894], [0.48307640979648186, 0.5174131226321237], [0.9996113275249737, 0.001815771563055007], [0.7183255384890685, 0.3779973861556903], [0.9183004919814297, 0.08177035559446352], [0.38214701379484795, 0.6268673275889481], [0.8481163959112241, 0.2556898027347723], [0.20109714287705338, 0.8529254248233737], [0.11728491239062344, 0.8833668361064788], [0.03810294251769786, 0.9620104999544267], [0.8075781318366839, 0.3423016782165053], [0.8757424446480693, 0.12440422606448248], [0.3399945527300394, 0.8100037852389056], [0.37549498805383336, 0.7340562670140923], [0.4553769762928555, 0.5450234515762773], [0.29275288153126444, 0.8389848053646116], [0.5772697414395599, 0.4227428081077661], [0.5173148734678666, 0.4829553078722336], [0.7462972340304137, 0.37285873140614073], [0.8433357106066162, 0.278545660423837], [0.9716606265438543, 0.028439092996363578], [0.6344593506550866, 0.3821314033096013], [0.2270006777994975, 0.8514863079234215], [0.7878588035519616, 0.3567659023916308], [0.38142183369940164, 0.6751991968803587], [0.36985024636779884, 0.7572629971061642], [0.8532046843129264, 0.19143427582415806], [0.2694042690497287, 0.8455299945577894], [0.14466655538506984, 0.8553582112786793], [0.3777417339351844, 0.720217183626297], [0.053683286341277336, 0.9464681631980781], [0.6913354758312564, 0.38059425187336404], [0.8937257043609412, 0.10661771434081958], [0.40240489278888, 0.5976408734453313], [0.025981037212565783, 0.9743191275562482], [0.35379979628214137, 0.7927008445078517], [0.8185709595354012, 0.33051125370675516], [0.43792320534369805, 0.5622050970278417], [0.8357675964905804, 0.30110402135755593], [0.10260199330237546, 0.897458879090643], [0.5005985988939669, 0.49948782808596764], [0.8577747221846849, 0.14238079381952531], [0.33304016192047026, 0.8164825979679614], [0.6498665703195674, 0.3820231373115066], [0.32600395994725384, 0.8219922308057309], [0.3891787724335324, 0.6114078013399944], [0.4697600688358342, 0.5307107139287216], [0.1313843336897394, 0.8689570912685701], [0.18736464169884925, 0.8532911987320508], [0.8506529793195745, 0.23619267110042033], [0.7327663146671737, 0.3757343678140275], [0.5634579973770755, 0.4365873486440505], [0.9307248683561096, 0.06946272076998299], [0.5929150864116756, 0.4072960934426744], [0.2990039368344184, 0.8366295874649083], [0.9048010879278032, 0.09521739220543228], [0.7979153021529375, 0.3502208958237157], [0.5372958012822271, 0.46276326231638903], [0.06541402169053412, 0.9347102838598826], [0.6203942390918151, 0.3821508038061141], [0.21268121204630747, 0.8524243731414965], [0.24601265001004824, 0.8495207990276897], [0.781277996988166, 0.36034009837141506], [0.3467221691866399, 0.8024664935850193], [0.6823925382517865, 0.3811060800706904], [0.7053861505293215, 0.37946748503218614], [0.8529771181423684, 0.19957059530362467], [0.36559103945884164, 0.769487906896241], [0.8847167096947474, 0.115684365013811], [0.31239295776627773, 0.8304273111584022], [0.09014951404000188, 0.9099734106623629], [0.5218602757784768, 0.478221904594882], [0.3807087095931752, 0.6895386490021087], [0.8153966049152452, 0.3342952651348698], [0.7534736460435534, 0.37096763915602754], [0.27800576068147803, 0.8434773185874019], [0.3820436862216551, 0.6480063257031374], [0.9526684411189634, 0.04740768338876621], [0.048548241912034606, 0.9515090436556491], [0.2608669881921364, 0.8472292694747479], [0.2368170902140136, 0.850588859297695], [0.8471704859043043, 0.26119013980179057], [0.9819733882492769, 0.018261725157713734], [0.6075086956777852, 0.3930827043424396], [0.8535526482259694, 0.154284652188049], [0.37171007613070534, 0.75078171129223], [0.013664355467736089, 0.9864416223053624], [0.44646030772675266, 0.5535558791849852], [0.6429075210323922, 0.3820886212683825], [0.8392797181669412, 0.2919101246467109], [0.33592109273420223, 0.8139381627870276], [0.8636287440881566, 0.1369437031943043], [0.8311240342748567, 0.3110640711564412], [0.11083446563909849, 0.8893268062459658], [0.07196565015008471, 0.92811177462197], [0.6592064505625272, 0.38187817423196835], [0.47586235729336235, 0.5243695904765683], [0.4199781129803792, 0.5800412392866279], [0.8463758985891959, 0.2659994264083753], [0.16173484799458065, 0.8535399191789469], [0.3569613387644137, 0.7875205485924008], [0.3821511156544047, 0.6189380759516538], [0.9664500876617927, 0.03379504363923843], [0.4899391153588925, 0.51068669732616], [0.937730740952935, 0.06270743156019738], [0.8455727930357458, 0.26920729315841746], [0.7613807434185109, 0.36864130815234103], [0.8236427302611014, 0.3236474817566522], [0.17831879687909957, 0.853429293411287], [0.28623215934396673, 0.8411397520308718], [0.5568750397237798, 0.4435149788589756], [0.7393373794582621, 0.37444071536488627], [0.8490861735874413, 0.24924405277898204], [0.350254763628228, 0.7978688151516566], [0.6715895512923877, 0.3815520653694704], [0.19491451796491305, 0.8531190179830124], [0.5844886552305174, 0.41571696610047754], [0.5062941885323299, 0.49382316847097874], [0.30480799664669284, 0.83415275938588], [0.7257259308485922, 0.37692966961866037], [0.32147304843666313, 0.8250888805860611], [0.8534097007236747, 0.17992149289875756], [0.36300262091914065, 0.7756476389119078], [0.8115220368325504, 0.33847822091551366], [0.4101980704041394, 0.5899437700478533], [0.7747497329246561, 0.36340551576907915], [0.3811052102163363, 0.6824086823657456], [0.8027879238602668, 0.34646067213484344], [0.376767303093532, 0.7269843101952931], [0.5698101823743453, 0.43028537920745014], [0.8526067619139187, 0.2093586706991116], [0.12484669007419008, 0.8754827310583962], [0.8513607424992526, 0.22853537152751896], [0.13862496109343636, 0.8618390816088105], [0.20740393544936037, 0.8526805859283656], [0.3739262815665883, 0.7417139650802148], [0.37856637461564574, 0.7137893346703653], [0.46263560267086434, 0.5374458347865048], [0.3816712426998735, 0.6677811721492819], [0.7931900978769864, 0.3534884392649715], [0.1536028096803026, 0.8535532187232109], [0.4290801002699038, 0.5710117729707763], [0.6556631092851241, 0.3819419001098264], [0.8535556107830201, 0.1476682971388107], [0.529931403920534, 0.4701242723492352], [0.381885611516546, 0.65882443284174], [0.009005627354201629, 0.9913075569933321], [0.5495997660924994, 0.450482335123604], [0.09475382311891223, 0.9052776772810123], [0.8374490550715424, 0.29691938512385396], [0.6981450339676958, 0.3801022563976247], [0.627223254875673, 0.38214661404759653], [0.36789222109388253, 0.7632655169247807], [0.9111476462282359, 0.08887564704768602], [0.849952180845782, 0.24254186185246818], [0.9757869874295881, 0.024530210544206423], [0.05921192133405495, 0.9409248514812358], [0.38017796768116136, 0.6971786393985804], [0.08433390122309725, 0.9156940161053577], [0.8445761466721176, 0.2735943114297225], [0.9929571199332881, 0.0070641986707024864], [0.019148137346488125, 0.9809950807924859], [0.9877280154539017, 0.012676150526996355], [0.3434843062526897, 0.8063330200884867], [0.032307518041178485, 0.9679454481821095], [0.7108007494468994, 0.37890860141183247], [0.9594645208343766, 0.04058170385411916], [0.3955328782856874, 0.6045578990419137], [0.6142845512573161, 0.3859565504707194], 