{"nadirPoint": [1.1000371999896237, 1.1093095175657623], "idealPoint": [0.11249310771312723, 0.10003719998962367], "origValueddPF": [[1.1000371999896237, 0.10003719998962367], [0.11249310771312723, 1.1093095175657623], [0.46402131982587297, 0.967555089204353], [0.7787018057733919, 0.6394523264246135], [0.3226848885305387, 1.0504553778849985], [0.9668734345036621, 0.3486321423197749], [0.5944340131455395, 0.8556122438466535], [0.4005586573181823, 1.009725570734463], [0.6937643292454895, 0.7475252969881343], [0.5178315796794573, 0.9254850563248541], [0.8741187982538446, 0.500876146998664], [1.042899801399936, 0.21104731490738676], [0.264223342550707, 1.073084108234518], [0.5615174287046051, 0.887073201127222], [0.4306481430199669, 0.9907336846822821], [0.6240446963976585, 0.8254534288580339], [0.35679293492499375, 1.0341136925987278], [0.8243249355618953, 0.5754469257489974], [0.7472174852606343, 0.6811948783908494], [0.4895592277954439, 0.9483098374446166], [0.9080204981751822, 0.4472001898938412], [0.9326034442522841, 0.40687064895602626], [0.6483473860190372, 0.7993931399278125], [0.5418997675984331, 0.9047957659698018], [0.29343969388882246, 1.062632675371168], [0.44612633228599696, 0.9802595171434506], [0.37644602735357274, 1.0236362763754951], [0.9972937387715616, 0.2949679036563769], [0.1906703467924142, 1.0939019663967375], [0.37361673933879713, 1.0251915958821864], [0.4699199985701683, 0.9632241480858313], [0.7304894190037645, 0.7025671995649647], [0.8008213572540064, 0.6089387649608801], [0.6642477210530936, 0.7817071605214999], [0.5715590356410342, 0.8777043585313165], [0.41645647173702705, 0.9999160444881794], [0.5307598534104453, 0.9145159490783934], [0.5051520174296279, 0.9359191846595505], [0.3394527208088671, 1.0427174084092965], [0.5851393737409606, 0.8647149862667103], [0.47838294718139224, 0.9568916956414226], [0.605313375176977, 0.844735815928177], [0.3918737914422913, 1.0148686135745433], [0.5193247895571365, 0.9242373807682391], [0.7138519867478225, 0.7232693818263459], [0.4554757560502932, 0.9737010477567749], [0.4970863693017296, 0.9423891916600535], [0.9850917052047151, 0.3167157174781161], [0.6337213236480638, 0.8152184561830755], [0.30925744511815556, 1.0562628528923916], [0.5829220195299063, 0.8668594513707074], [0.5528011382556098, 0.8950431495114091], [0.3596210498518016, 1.0326538768232434], [0.24388496625317926, 1.0793450201728552], [1.0323335079434024, 0.23086079421790817], [0.8830841394745376, 0.48687460093069224], [0.4086833296491151, 1.0047747666678557], [0.3340031271504082, 1.045318887559427], [0.8129009339025723, 0.5918624969084958], [0.4364187969728552, 0.9868869224677028], [0.7649987167816408, 0.6578633812232187], [0.27925728620456525, 1.0679173607386943], [0.7433150359689705, 0.6862323558157919], [0.6844993559183331, 0.7584411883322759], [0.3676293258178401, 1.0284316542233918], [0.9903929931005292, 0.3073037617164781], [0.9740599533982274, 0.3361214265669561], [0.35027618383189085, 1.0374176509830026], [0.8677494185495863, 0.5106551495136937], [0.47210172968888453, 0.9616053023720749], [0.4252734393701482, 0.9942571810927281], [0.7697701947927753, 0.6514958461548034], [0.9278491558658258, 0.41476456137015066], [0.7040042736595395, 0.7352609739690663], [0.6205432326033781, 0.8291106700418964], [0.38588006215895854, 1.0183310581602096], [0.303924687930081, 1.0584670922786488], [1.0531025487346086, 0.19170364106275511], [0.5130230612735853, 0.9294798784046459], [0.8303425053124865, 0.566691361057584], [0.7339022269658173, 0.6982523276100847], [0.5769482494318275, 0.8725931419731165], [0.5006220590958095, 0.9395689706845667], [0.896990723030731, 0.4649022821520685], [0.5380959758991753, 0.9081326443683267], [0.4842276104556196, 0.9524350926694652], [0.4520932340883843, 0.9760966692765892], [0.4587319269019129, 0.9713752697461469], [0.8505221762495789, 0.5368095004474224], [0.33164754775746, 1.0463938468266232], [0.42251566008229724, 0.9960448428039478], [0.9393664799883419, 0.39556355977770913], [0.8185827494773628, 0.5837294933480078], [0.6127421917080096, 0.8371712940355176], [0.6005065317276111, 0.8495676480196251], [0.28450229147922945, 1.066009830039101], [0.41370430492355825, 1.0016501473208852], [0.526015395026781, 0.9185797773785481], [0.7200708203140096, 0.7155977719949613], [0.3963914969104967, 1.0122113307298863], [0.5457371844406617, 0.9013887238869723], [0.43968664075155556, 0.9846785050782414], [0.9548952113781644, 0.3692549804034326], [0.8071748757019032, 0.5999935076333751], [0.5340857649194819, 0.9116453592529554], [0.3179702814527881, 1.052542372014542], [0.47511714473821337, 0.9593522350710258], [0.3464611317594842, 1.0393124458697067], [0.7544149690070586, 0.6718276361669901], [0.5879224147190325, 0.8620052014051602], [0.8895322714164123, 0.4767347322598254], [0.5025576164707594, 0.9380159429448045], [0.251263105035298, 1.0771679245631032], [0.4063744727068743, 1.006194675362803], [0.37926800447868103, 1.0220673578442512], [0.22726721616749196, 1.0843873696111253], [0.2694883068001301, 1.071323522418792], [0.3709570878850156, 1.0266396143590544], [0.5656434572308513, 0.8832480176113892], [0.641209071910638, 0.8071703701119546], [0.6290535909776895, 0.8201788973235601], [0.6713171704978409, 0.773679602792584], [0.49371840238111586, 0.9450496518946814], [0.8611320946205745, 0.520771761413981], [0.5087017248270606, 0.9330305061674744], [0.5585217290391747, 0.8898440809877156], [0.3583983598119008, 1.0332867857910988], [0.7855794731814538, 0.6300696696519796], [0.3890279873964318, 1.016521524814854], [0.40268635906091665, 1.0084396667292206], [0.2986929536129728, 1.060573131718237], [0.5214155294472939, 0.9224827285083501], [0.8398031275517928, 0.5527852954890975], [0.4664922563051895, 0.965747893866744], [0.1516925235359865, 1.1010750473824078], [0.6592175267252512, 0.787354562224875], [0.6791891276189337, 0.7646202447580999], [0.5558482228999265, 0.8922742272549582], [0.9189312031595939, 0.4294498125995769], [1.003005766287577, 0.28468496832017104], [0.4859887276809738, 0.9510786183408368], [0.7084575082995614, 0.7298805066428944], [0.7945000590725358, 0.6177589998769503], [0.3540290119040352, 1.0355253594994611], [1.0710585914831432, 0.15715465719654034], [0.25840498992267086, 1.0749556932915925], [0.6907582042796611, 0.751085895123085], [0.5153474489369336, 0.9275545971445657], [0.3363283277753492, 1.0442061698640228], [0.7379483051667663, 0.6931065925825152], [0.5494695458434637, 0.8980477665269352], [0.6996166558391675, 0.7405451839064134], [0.7898169846467387, 0.6242410487141312], [0.4955455085246995, 0.9436102632858825], [0.4048793821993827, 1.0071084440114426], [0.7260298318814193, 0.7081704221957159], [0.3282203379935953, 1.0479696555488662], [1.0178729556698114, 0.2576147256380335], [0.36107104153658265, 1.0318986497619365], [0.5685196990217449, 0.8805612925552833], [0.49188298021705384, 0.9464940838698428], [0.2741388254557146, 1.0697248928698255], [0.4616757903685865, 0.9692553891183117], [0.3135729949060103, 1.0544396643020046], [0.4427190314716374, 0.9826063623931557], [0.6540611287401183, 0.7930946864109835], [0.4333355156644005, 0.9889021980239449], [0.499166616541612, 0.9407329088622848], [0.5070975053407559, 0.9343391078328077], [0.5799778295960959, 0.8696952925103565], [0.9616610852311622, 0.3576414804236885], [0.6029602399034512, 0.8471097742692155], [0.7511198452157366, 0.6761285891195701], [0.5635095315326005, 0.8852309224597069], [0.48031089272383465, 0.9554291186324874], [0.5977282505561792, 0.8523408182183799], [1.0275847810414442, 0.2396926849277919], [0.5107640480793977, 0.9313408489450737], [0.5281632441980572, 0.9167450391413837], [0.44904993802240584, 0.9782277965783777], [0.5909332180306021, 0.8590585711806806], [0.4822987715062297, 0.9539127404127399], [0.3985981059327352, 1.010912061046889], [0.2883045640276548, 1.0645925993113943], [1.0123612108583264, 0.2677020992359651], [0.6166926437694763, 0.8331043524408469], [0.6082048564506407, 0.8418030837784077], 