{"nadirPoint": [1.0, 1.0], "idealPoint": [0.0, 0.0], "origValueddPF": [[1.0, 0.0], [0.0, 1.0], [0.03315925330361593, 0.8180399924009103], [0.6564615468352217, 0.18977685367843178], [0.2515200747684134, 0.4984822288608175], [0.8931723296637819, 0.055069955110087276], [0.44970814941159, 0.3294741221638915], [0.10550248915174787, 0.675188532912171], [0.00031152628887832264, 0.9831082746793727], [0.7424375404232845, 0.1384918750036841], [0.3566913978924325, 0.402783625126928], [0.5691056495118022, 0.24565152521962086], [0.1731291128559275, 0.583969612914393], [0.9895829390510915, 0.005369285122031053], [0.8137811688208043, 0.09791009211125579], [0.5135170596502856, 0.28342804636929475], [0.05570026241099716, 0.7640026870626828], [0.010152285794053568, 0.8998921269919743], [0.39751710013967423, 0.369523565908765], [0.298892710723316, 0.4535859997245465], [0.9395079091000929, 0.030778914097117638], [0.20833296866318213, 0.5435984053015213], [0.15135318542235898, 0.6109841502196687], [0.6877940238720047, 0.1706665182979743], [0.6174691844647527, 0.21425971402777866], [0.32355727484090047, 0.4312051284758862], [0.07959775597305375, 0.7179049735775518], [0.8587097654699362, 0.0735021299820714], [0.7799334903085445, 0.11689608940616136], [0.013567499638364778, 0.883742364411867], [0.12583878273002694, 0.6452623748035363], [0.4652793091105368, 0.31788691239445477], [0.0047789348158963465, 0.9309281912787261], [0.23212064505277746, 0.5182646391261984], [0.5264799013226784, 0.2748508060471063], [0.2746414797322429, 0.47610053097787974], [0.023628492402484387, 0.8462843781443008], [0.5967081124107869, 0.2275464874479135], [0.48861548333433974, 0.3010163955582009], [0.4369400447192838, 0.33914668862258723], [0.9776415502322046, 0.011260253160794376], [0.1911015999466833, 0.5629009900048922], [0.7217333720351592, 0.15052064779515728], [0.3675115963836067, 0.39382232560464614], [0.044713967090406474, 0.7885972946110844], [0.6366652354611395, 0.2021041339562868], [0.9188903695404701, 0.041523586165623794], [0.4194212624887796, 0.35238212800427127], [0.8242462444951886, 0.09211991733754366], [0.33599220931299323, 0.4203730389615453], [0.0921692912057685, 0.6964111541924056], [0.06996255884254882, 0.7354956354943292], [0.957994696900861, 0.021286822797534355], [0.7608689196525983, 0.12772221942061412], [0.5474128053497358, 0.2601268796939967], [1.8263211255108086e-06, 0.9987456598382813], [0.13744460798229938, 0.6292944128102291], [0.6730038350364329, 0.18001232241098497], [0.0018420224803298887, 0.957129659334456], [0.8748550394883091, 0.06487679085498033], [0.7955546952391429, 0.1082034251582441], [0.8982637621353654, 0.0522957195786532], [0.3112179170077692, 0.44220745085675983], [0.49540575124579445, 0.29621965430033725], [0.2031213957022709, 0.5493100891940548], [0.26269663885484307, 0.4875552915769157], [0.38472391809702516, 0.37977390017763013], [0.24337738071796955, 0.5066680054984434], [0.8369315771887319, 0.08534133665616483], [0.1595306454960893, 0.6006495002449526], [0.6994697227343715, 0.16370804697538444], [0.017027950651493384, 0.8695282546582677], [0.09897545432423084, 0.6854538629180111], [0.5610280664880146, 0.2510797654321668], [0.769154484694353, 0.12325846881533498], [0.04124866917578343, 0.797115750636752], [0.05022448016961267, 0.7759636457952439], [0.2220548725133984, 0.528773013810331], [0.02767647205392213, 0.8336539190358669], [0.06467687295728795, 0.7458165053536959], [0.5821022156932965, 0.23714192386902755], [0.1779962854635499, 0.5782930097900567], [0.1123985743914367, 0.6647651219124737], [0.4082687178320711, 0.36106826013685434], [0.006893167662419852, 0.9174858552125155], [0.34689421602396286, 0.4110227372606283], [0.8023263960969058, 0.10427330641960408], [0.2865970131110707, 0.4657718059566377], [0.650903421492114, 0.1932534674416403], [0.37825841208427924, 0.38514602124243513], [0.6095391888136834, 0.21932388968533634], [0.9993711552980962, 0.00031481960621759786], [0.45642755779517785, 0.32442909922103025], [0.844677473761211, 0.08103866376165825], [0.425258093691739, 0.34788184069776207], [0.019996384545064395, 0.8589685491458932], [0.08434459049594144, 0.7096193227485896], [0.0028285485405061925, 0.9484381746546406], [0.4712411026435064, 0.3135299695955355], [0.8820894970034845, 0.06083887162738055], [0.6245682780954599, 0.20993707772505743], [0.7073859541391794, 0.15902460057085877], [0.966811492947264, 0.016843097403618], [0.7346518119437133, 0.14288168147932268], [0.14393020289081848, 0.6206186576927926], [0.5366287457982576, 0.26745468988169097], [0.5015754570018778, 0.2921167011876148], [0.910280651769089, 0.045941433693073686], [0.6642611962289254, 0.18499775779318262], [0.9333087031752839, 0.03407827368216987], [0.12853257237632137, 0.6414856036693626], [0.6808317221843903, 0.17487472333930387], [0.6439458417847282, 0.19767680011252942], [0.3053351253678831, 0.4475297538597517], [0.0005738227651706668, 0.9775396401976635], [0.06125180033543071, 0.7532502519861777], [0.16737881919833583, 0.5909398700027176], [0.19688492524902904, 0.5563146584753607], [0.28073675473524307, 0.47015402734828393], [0.2576512227461974, 0.4924230523909381], [0.4777614927978847, 0.30879739667065964], [0.07418387038036914, 0.7276340290369978], [0.5543043244121908, 0.25553341933380214], [0.8669774625260097, 0.06894422434907488], [0.5202800807839196, 0.278695569967909], [0.43115570626131083, 0.3436177394774602], [0.748137391550481, 0.13506315256137424], [0.3280528527959011, 0.42726864196272096], [0.7277173878941218, 0.1471198889748463], [0.2690555583637979, 0.4813385297662417], [0.9249636546479952, 0.03825001708377962], [0.2388057718475372, 0.5113224254710094], [0.31762928204385577, 0.43653633368587463], [0.11807012238161325, 0.6564082908339441], [0.1820730445554338, 0.5735891908715541], [0.5754268978992912, 0.241709778789173], [0.9526238346289863, 0.023979065660899357], [0.038725539612389163, 0.8038292510639254], [0.3622940255226558, 0.3982113416604893], [0.3917206910389291, 0.3741784066969547], [0.4026547506057304, 0.365453478307629], [0.21575426595947134, 0.5355064414230577], [0.030077509305604138, 0.8265727377383504], [0.3517098594437215, 0.40732105301211996], [0.012247784765676973, 0.8893744038347902], [0.44321854974726005, 0.33428041127358243], [0.08836874094356865, 0.7027498083812969], [0.03587202183981909, 0.8106037920431779], [0.9832309263824007, 0.008424262958218964], [0.8303472408791951, 0.08879458412727226], [0.1333275745787311, 0.6348595139145332], [0.04772222946013619, 0.7815791998879117], [0.5896581762980692, 0.2323847687638103], [0.6025033534742642, 0.22416373841806836], [0.0038354565570705985, 0.9381296751700529], [0.10195443039556774, 0.6808419173385685], [0.2263521953536619, 0.5242351469962688], [0.7150250780894978, 0.15445485611740972], [0.29258046186206416, 0.45909292677756175], [0.2472812627655379, 0.5031862420801887], [0.10893820874014362, 0.6700919720115215], [0.6933621427917926, 0.16737739438484456], [0.48382233721334494, 0.30451530309726715], [0.7745270251507149, 0.12011748814521306], [0.5070677234121164, 0.2879687554693635], [0.9705040088584554, 0.014858772602370562], [0.6311526992170512, 0.20567695313550882], [6.449956784103716e-05, 0.9919727526519183], [0.9620929771910139, 0.01920011455590609], [0.09554018512039697, 0.6909042460330506], [0.021526850815127636, 0.8535163046252261], [0.008361203216013455, 0.9086511702972887], [0.1632209078047254, 0.5961955305311617], [0.7545250909059584, 0.13146729857667638], [0.415001261339812, 0.35598186705026436], [0.14742550297791357, 0.6160805143404029], [0.15634063540445564, 0.6049673811941518], [0.3731861245092061, 0.38945476984826055], [0.05206866754058906, 0.7719078827113572], [0.9737595511822178, 0.013245145977678119], [0.005465044327320127, 0.9262213388676726], [0.9035996458149029, 0.049475963128942646], [0.8513085793645028, 0.0775024951758515], [0.33326241284012315, 0.4228216727986679], [0.8088680196220548, 0.10062947356442886], [0.9453160445937074, 0.027840281878197093], 