{"nadirPoint": [135.99999999800463, 50.0], "idealPoint": [0.0, 4.0], "origValueddPF": [[135.99999999800463, 4.0], [0.0, 50.0], [26.39499168819103, 20.27191680642947], [76.99091070172815, 7.240687307988491], [3.7331762287152968, 37.2782115188641], [108.16844982448922, 4.566104574103013], [55.136482179893356, 11.27865391463841], [0.17737497755114034, 47.06629927236703], [15.014256209084838, 26.355227304473637], [40.20707990497276, 15.214798677702579], [125.57703378455794, 4.071688076078054], [92.75551073264855, 5.520750993396774], [8.162338197403507, 31.838680929457325], [18.561191214225808, 24.17622792673217], [1.4734751647997348, 41.79640791065469], [64.67714153900508, 9.302273247138181], [3.7052460378959704e-06, 49.99037641848258], [34.46974398492848, 17.10253284867354], [47.09172467143228, 13.248852263109185], [117.64964816251384, 4.232314607545759], [86.68873865526038, 6.074172551036809], [12.21559071659172, 28.339943651253932], [1.0843754282610014, 42.907754165523144], [102.38981209438494, 4.857481222432445], [5.567068558756249, 34.707839906046246], [23.497196662491188, 21.598085691595422], [130.94192052172053, 4.016407755814734], [31.124408828364608, 18.332913353248493], [68.44387063431007, 8.621228522351668], [2.247396878529667, 39.96138489673346], [50.274366960525086, 12.43159593962639], [21.204940008793002, 22.73980075187319], [58.758148036283956, 10.487070587460568], [78.69872240440449, 7.0058168550263815], [72.68315547295597, 7.887478500581047], [43.75340628511479, 14.165813536069184], [9.698397962432121, 30.403702639670364], [112.24563010040328, 4.4020356502091476], [0.568919605671365, 44.81320151146262], [82.22172073952537, 6.563202354940536], [37.10806329645034, 16.20263414393405], [17.034977847975455, 25.074007143790162], [4.658984637153338, 35.902071693323954], [99.87929300040042, 5.0075619901312125], [36.192888403696, 16.509022929867918], [96.73366236397855, 5.21758063669853], [120.90058761465862, 4.154389471574769], [48.77711095356182, 12.809513673163568], [11.179543476231416, 29.152189045501807], [61.885106028530544, 9.845245717344364], [116.58540957301888, 4.261664661260169], [3.149593222381154, 38.23830831594249], [135.4238390172564, 4.0002080757824645], [90.18074822652048, 5.7414004897154065], [24.711416012976514, 21.02716694533993], [13.814583017441153, 27.171919196406876], [52.80767956210998, 11.817253129856343], [42.32453909129258, 14.578667941733034], [28.38890589818154, 19.421700740092362], [6.212885070008628, 33.92811833229043], [0.35114740942681544, 45.89763524757971], [19.575965708934515, 23.660638830517183], [15.942787988411453, 25.75203978954398], [38.8141347754046, 15.650125678861905], [29.428917043832037, 18.997799492649932], [0.10446873245639438, 47.74063329064616], [74.202067898993, 7.646606259843169], [84.92602269622252, 6.257936119239482], [35.92826667573422, 16.59795014182027], [32.845944406142124, 17.686219667529354], [22.317275556400347, 22.17477162648906], [0.7133756136238532, 44.20600929642541], [56.842360775246334, 10.89913307242647], [127.79523715918478, 4.043893790657492], [1.798251380538895, 40.96733900118801], [104.69768751966868, 4.732387808321334], [8.99760276285561, 31.03902261435008], [94.18678432170418, 5.406564879254168], [2.80801501569511, 38.85292147796308], [62.11670476872335, 9.799155238546527], [67.23502485320967, 8.8281452932714], [20.388492538548093, 23.16869337816453], [4.074383057636959, 36.74557390911597], [25.541947945247465, 20.649534375195465], [10.622088483409009, 29.6101056293785], [81.2056842321744, 6.6838348001880235], [17.907421605510805, 24.554106406020175], [71.14711183097883, 8.143206706947964], [3.53291696489302, 37.592411048045605], [52.15613187844268, 11.973944327213037], [59.885413081953274, 10.2584266197163], [91.20517300215045, 5.651201392592481], [31.59036457527904, 18.154437912556517], [122.67540902009944, 4.119037803166021], [45.33109675283169, 13.724425785520692], [63.48715625214367, 9.530349499424002], [5.039641321132231, 35.38596734011589], [7.428974580638885, 32.5842569493996], [0.8365406253972769, 43.74175305307129], [60.73709575838552, 10.07660852073354], [46.0120719117798, 13.538410281392288], [103.43623714625124, 4.799274476407253], [107.30709397288787, 4.605009563769589], [71.9302120328658, 8.0118577768488], [114.80138918996943, 4.315274021116709], [65.892974912532, 9.074212851075586], [49.48614605590617, 12.632645353991379], [30.095617336590305, 18.732977806320484], [11.635214108319776, 28.789087621743406], [0.008826284281728033, 49.37417142986271], [119.43485906624846, 4.187372804071283], [80.21407785387362, 6.806685834582174], [38.04091333342576, 15.897779804888682], [75.14424273409332, 7.503380677610585], [14.487277329153166, 26.72086687454339], [24.226719900213922, 21.252427447743656], [83.32778229187039, 6.434350347476036], [111.20600691443151, 4.440803246447933], [97.70664591632459, 5.149872558548008], [77.53748349709994, 7.159580922632189], [4.383571534647711, 36.291212009860615], [33.40756696277189, 17.48162934689264], [0.28368275265850895, 46.3198559549144], [2.5348430384865583, 39.37574714726482], [41.045093620056434, 14.959455770434648], [2.0517798332942876, 40.384322561176134], [109.58852710762233, 4.505254017934034], [87.61117328387564, 5.991141857485822], [101.1229223927664, 4.931343244488694], [9.31122626760326, 30.753854356142618], [89.18629088910801, 5.833107198615144], [35.51504923868791, 16.7401169531571], [51.21618719439033, 12.199606679989117], [1.3772790808160176, 42.045888952234655], [3.4087775271557783, 37.79697027968284], [44.280305978846776, 14.017565364497255], [48.03028901029702, 13.00232303891839], [0.42517686629199947, 45.59196950319808], [69.56177765260203, 8.41512006391659], [0.05030675598062781, 48.53941111067424], [5.406824482380415, 34.91019779188753], [129.5814330736817, 4.02660981611868], [70.16903948456357, 8.310072892876413], [56.17221863319232, 11.04675834204644], [8.555807629647223, 31.455857809036843], [86.17330112316093, 6.126768021804384], [39.44926345987802, 15.449895185205069], [57.86450750056383, 10.677416398667653], [54.49183134081538, 11.425337517902001], [22.986722197237327, 21.84816922935275], [13.279752062606303, 27.551981745438006], [105.83493031229717, 4.675084367231941], [14.26649914281411, 26.932250188862213], [108.76812161687293, 4.539913921893193], [131.29132132650426, 4.014193461061788], [113.52688807047178, 4.357044826731077], [26.91595075678516, 20.04387438918355], [28.905782205416113, 19.209487358383683], [53.61427152425494, 11.627959954058138], [0.9033374912974537, 43.512494266550114], [12.733532853042679, 27.95100548531098], [96.01572293729107, 5.2690230484604355], [7.875409369881799, 32.12520201367897], [19.055273819427633, 23.896948011439488], [9.964636480731599, 30.170051978413518], [28.043590049888707, 19.56521136574579], [76.16776385994504, 7.352919261900727], [6.014746157035919, 34.161907280910945], [62.79726192864346, 9.664838728385334], [21.50710941256954, 22.58416433369247], [118.50890558161767, 4.210019969420424], [126.58546111898168, 4.058167919742993], [9.875694029887047, 30.24765664774424], [10.84877120424062, 29.421950413525707], [79.40663976112548, 6.909802159820096], [42.90128510106594, 14.410482885683042], [4.8518858998316645, 35.6375370550236], [121.67507360475223, 4.138353103582897], [7.014207021773512, 33.026289513237906], [131.7394760905009, 4.011593352832605], [15.26019934443034, 26.192414784007987], [41.81786032109447, 14.728181523209972], [0.12101995028367635, 47.570377455734004], [0.9667863835085738, 43.289048238967375], [1.2577736023228252, 42.42145148783874], [6.671368899164256, 33.40398597923853], [10.128924268020898, 30.027871193251055], [12.459747690236497, 28.15522168957999], [120.27610657465311, 4.1680172390071775], [73.4442655415825, 7.765206558622291], [115.62246505085781, 4.289905732452366], [6.442302830174333, 33.66300925686237], [16.706020805443863, 25.27493023183394], [124.02010873294074, 4.095510895774725], [20.090156000395716, 23.3286414612935], 