{"nadirPoint": [0.9996634364357189, 1.0001565211558863], "idealPoint": [0.0, 0.0004683961457749688], "origValueddPF": [[0.9996634364357189, 0.0004683961457749688], [0.0, 1.0001565211558863], [0.5784953242465075, 0.4306499791568693], [0.09702144542366437, 0.9116474816157637], [0.824125100517786, 0.1859620117894048], [0.3468047403594734, 0.6536196830909454], [0.9497041078663555, 0.05036375826933211], [0.2062604814739783, 0.7947467464850695], [0.4009534838967823, 0.5994162520381466], [0.6635591301188274, 0.3454905900754722], [0.002744564596634483, 0.9990163611182168], [0.8030719789564871, 0.2029390388785621], [0.7709802791182766, 0.2312394940671613], [0.2997055376576907, 0.7029552346540493], [0.9362380555701663, 0.06900854539212573], [0.8198634853166683, 0.18695182151445228], [0.999120278208028, 0.004537357108594888], [0.5394339994648962, 0.46109536895056363], [0.561184389885063, 0.43963803672577995], [0.5523697622036601, 0.4479112016008886], [0.48171076023412407, 0.5190471423286424], [0.24123531911170476, 0.7592676271107659], [0.9359609006137548, 0.06959184418636517], [0.33084177725477276, 0.6702950500328625], [0.5843688801584237, 0.4164653840372745], [0.7919815647368589, 0.2117967804556531], [0.11629252223506972, 0.8848783324196995], [0.7582192995892341, 0.24303583585028682], [0.22343252747874834, 0.7809698412869471], [0.5918289306826606, 0.41286227918624047], [0.907353472421145, 0.0926668133443407], [0.4574105128361308, 0.5438432636134064], [0.4212872871657872, 0.5867101327988106], [0.6545235490879785, 0.3487637169150354], [0.08040604943607144, 0.9209799193819048], [0.4513469734622357, 0.5502626762358249], [0.709991783912359, 0.29028204763263565], [0.19185843450817142, 0.8083292258107141], [0.5571455487633318, 0.445058050799387], [0.9044872789294343, 0.09823798239307949], [0.831990260641597, 0.17424069514705295], [0.8973215526834964, 0.10402455629049476], [0.7582192995892341, 0.24303583585028682], [0.10727267570974942, 0.8944290905466737], [0.6545235490879785, 0.3487637169150354], [0.9219484361223819, 0.07954094901459471], [0.6381965118811409, 0.3619589768239452], [0.8058335641284864, 0.19488541024091746], [0.8856192980669179, 0.11577421316399886], [0.0784834263099974, 0.9215178316671087], [0.2313669948508232, 0.7708834730834446], [0.4652704218225261, 0.5353043483164484], [0.175578501758216, 0.8315012549211839], [0.8791590825332257, 0.12464049071231696], [0.12286332265553826, 0.8794389155970082], [0.16920482585185653, 0.8315073691405739], [0.6667252290006808, 0.33527326374862987], [0.6545235490879785, 0.3487637169150354], [0.42366420189408516, 0.5766973509639607], [0.10002338960642665, 0.9009918458673264], [0.3545336086158345, 0.6474259571009117], [0.7582192995892341, 0.24303583585028682], [0.5809192814685713, 0.41934530691394495], [0.06147759384150042, 0.9408450995024407], [0.21872169812573783, 0.781614285208253], [0.6506187803182095, 0.358787474739636], [0.45818113837725877, 0.5427166848795706], [0.4138359379770826, 0.5878577126296565], [0.10727267570974942, 0.8944290905466737], [0.8157046778519453, 0.18919341681316248], [0.21394333737358484, 0.7864382330455529], [0.8979940810966064, 0.10230976164655169], [0.6958962041337599, 0.31044247299250255], [0.4744364644567399, 0.5347877197954151], [0.18361228319580966, 0.8171028557936477], [0.006393338240335278, 0.9962063612610595], [0.6724706287019387, 0.3333377913086129], [0.0856570286561075, 0.9146111795584794], [0.475462014305714, 0.5245388911947964], [0.3254510249908159, 0.6748100845810591], [0.007893416243778189, 0.9927568972788708], [0.7669217801311967, 0.23603945462008194], [0.7629983352277858, 0.2378157217818338], [0.8056443819867342, 0.2005593002160954], [0.11866862506222164, 0.882641825013994], [0.5219394371447674, 0.4789893708213038], [0.8342507060412295, 0.16729991007485606], [0.28540368506310076, 0.7151899012016385], [0.6635591301188274, 0.3454905900754722], [0.6759161507804309, 0.325813437646565], [0.21115432353459931, 0.793708855303903], [0.3235600641321843, 0.6772563866322987], [0.08366095920559061, 0.916845538089239], [0.41037005805186555, 0.5923121809809928], [0.43554998425019603, 0.5659182352612591], [0.6635591301188274, 0.3454905900754722], [0.19932271541711255, 0.8014615366754297], [0.5968651768722218, 0.40340819330315714], [0.21394333737358484, 0.7864382330455529], [0.07759346944078394, 0.926949141111232], [0.831990260641597, 0.17424069514705295], [0.7629983352277858, 0.2378157217818338], [0.09934012798483015, 0.9059896183496133], [0.10939222590405694, 0.8907992691285544], [0.4009534838967823, 0.5994162520381466], [0.22022551659886713, 0.7811282547924658], [0.4138359379770826, 0.5878577126296565], [0.769937744718281, 0.23553692981778904], [0.05546630511434006, 0.9448209063267285], [0.937273038356778, 0.06392994869939765], [0.1853862390265208, 0.8167975896193596], [0.3410087103180553, 0.6644066671135322], [0.4526766186226743, 0.5476697087568829], [0.3306623010720538, 0.6733571220565362], [0.7706702357051174, 0.23224375370623673], [0.6521175945875687, 0.35351670264699486], [0.9996634364357189, 0.0004683961457749688], [0.5683802573191745, 0.43292130177452015], [0.443810474564042, 0.5581312800673911], [0.3139914417173232, 0.6866714694025082], [0.9247019757361021, 0.07545267621410057], [0.9533289888740478, 0.047091760885053784], [0.5286976068380426, 0.4722472767376035], [0.8121504528325538, 0.1932379853185442], [0.06901345866519609, 0.932855934781377], [0.4636940986440873, 0.5395919012645662], [0.21115432353459931, 0.793708855303903], [0.8827630635117016, 0.11983577071451429], [0.35575299995112974, 0.6446422367935472], [0.5843688801584237, 0.4164653840372745], [0.6862821004603052, 0.3173249144309464], [0.2953628169794878, 0.70501714621601], [0.5523697622036601, 0.4479112016008886], [0.7761827602115404, 0.22391750885478212], [0.012694464834967958, 0.9877336720703908], [0.21394333737358484, 0.7864382330455529], [0.6381965118811409, 0.3619589768239452], [0.900900565728873, 0.10037442482034234], [0.22830857534138957, 0.7723250996126815], [0.8198634853166683, 0.18695182151445228], [0.3504693479527645, 0.6496315109048003], [0.9315075841773738, 0.07091382863876322], [0.0784834263099974, 0.9215178316671087], [0.44128361234722896, 0.5630984417515019], [0.4784263428507777, 0.5221669535576182], [0.6602169640389055, 0.3463304876959208], [0.20569628627722558, 0.7987731225889345], [0.443810474564042, 0.5581312800673911], [0.23472849397722606, 0.7655641083910367], [0.9954206419210367, 0.004622531054224073], [0.9954206419210367, 0.004622531054224073], [0.7802200648867488, 0.22149319714100477], [0.0, 1.0001565211558863], [0.7669217801311967, 0.23603945462008194], [0.22830857534138957, 0.7723250996126815], [0.7744083754286162, 0.23109538694202986], [0.3018513796224918, 0.7007470833331889], [0.7982441232979345, 0.20480736861362184], [0.8948525551459483, 0.11282641878135682], [0.8292226646837365, 0.17559870491174878], [0.5809192814685713, 0.41934530691394495], [0.007640501776893183, 0.9950377699593641], [0.012694464834967958, 0.9877336720703908], [0.18199032803266438, 0.8211062224086633], [0.10562956758501524, 0.8964333156780956], [0.07111617755697872, 0.9305181810440158], [0.999120278208028, 0.004537357108594888], [0.43554998425019603, 0.5659182352612591], [0.4118032897603502, 0.5894857782113296], [0.22022551659886713, 0.7811282547924658], [0.0006141615469385589, 0.9995773334856728], [0.40690886545745186, 0.5978944633401785], [0.11588272666192534, 0.8861329467686627], [0.1880528149673414, 0.8130214889126872], [0.9428276600740868, 0.05741512253855019], [0.31078745770697785, 0.6917454881644969], [0.32036970654690466, 0.6811921819162278], [0.07097687441792813, 0.9314563935632901], [0.0036202901577369606, 0.9971636781267845], [0.08366095920559061, 0.916845538089239], [0.42272527802681037, 0.5773581387995326], [0.5242718134853739, 0.47713322306779643], [0.9994137638805057, 0.0006204422191839092], [0.5190106575476628, 0.48197711081458966], [0.942794345564807, 0.059190674824952515], [0.10002338960642665, 