{"nadirPoint": [5879.981222222054, 1696.459433987093], "idealPoint": [2715.6326179971848, 694.9102560397548], "origValueddPF": [[5879.981222222054, 694.9102560397548], [2715.6326179971848, 1696.459433987093], [2733.213377006814, 1549.1157363443442], [3494.3827063223525, 696.7970797664082], [4901.205945670625, 695.2960207911373], [2871.2128225806455, 920.6786041071082], [2800.718736966277, 1161.532007460078], [3004.8422292034197, 697.9790651447752], [4410.0472048484935, 695.6530291341787], [5245.221887591516, 695.1005336686593], [2758.5542552363067, 1378.1089894191987], [4007.3213876156715, 696.0522305020928], [2823.629441825048, 1071.0993402028855], [2911.618476047775, 826.4712274779511], [2721.2731508815805, 1648.0875230108916], [5774.723012771305, 694.9113789876338], [2780.9129982288628, 1253.589807427189], [3304.628603657492, 697.1820275175959], [2745.252969660608, 1462.8884621997613], [2952.910799147247, 748.9456567063214], [2851.9698433103167, 978.4085002992277], [4610.451270209129, 695.4913748347539], [3793.851120243814, 696.3236755566534], [5515.753340275051, 694.9846719639648], [3183.5277939836174, 697.4686942022254], [2883.154024029768, 889.4870080353021], [4214.370799305203, 695.8321968508678], [2768.9394057199634, 1316.7362285305965], [3666.3208798840874, 696.5080621765866], [2833.5873391191085, 1036.2909297407875], [2927.499729133413, 794.5401087599073], [3095.090188273734, 697.7158343833393], [2812.7888573774844, 1112.56326752292], [2728.3388787207223, 1589.4108007011764], [2741.116278100812, 1492.15894983502], [2792.2167908435476, 1199.3136829820726], [5415.321030856642, 695.0156999633768], [2751.7060810965386, 1419.5893260936332], [2717.056636021592, 1685.2399896044428], [2976.722895964267, 710.9239310307881], [2948.983705571055, 756.729561233909], [3075.3021459920924, 697.7626348788602], [2763.157888088769, 1349.6780467300719], [2899.0815421870902, 852.7205887754458], [2773.177165089094, 1294.855220372611], [3933.119514840453, 696.1439087215264], [2863.565143118395, 941.889988579256], [4525.7346043352645, 695.5591303403748], [2841.7244647102843, 1008.3551936019418], [4092.586770423961, 695.9582785902145], [5649.372285776283, 694.9470419759058], [2736.256067037465, 1526.362777413342], [2723.9164387189317, 1625.5333700700846], [5119.514853348028, 695.1649594862079], [2786.3521291526017, 1227.2454657600717], [3445.376958300548, 696.8886947600165], [4773.307308492096, 695.3806396991546], [3143.4173184305228, 697.5761670328565], [3576.4015138689256, 696.6596251997146], [2966.2802009032052, 727.0288599365664], [3383.4533939472763, 697.0120402579638], [5011.478093783105, 695.2294459084052], [2939.934378358374, 771.5514381743492], [3243.4020272748357, 697.3211252847169], [3711.9590230755475, 696.442161753967], [2818.1445278071565, 1091.3405997297125], [5338.4558868556505, 695.0528610921015], [2777.340747175392, 1271.7446659767481], [3859.1485891497846, 696.2357046766648], [2755.5645323936014, 1395.8549554571105], [2806.05061086493, 1139.4344374975733], [2920.6363678269163, 808.8529555134158], [2725.2792273682494, 1612.861022467344], [2748.4981521868253, 1440.4509431534723], [4700.256971594359, 695.4308613522957], [2878.8701230985803, 900.7207251012256], [2718.81648294551, 1668.3053260013423], [4247.322262740763, 695.8064560712317], [2857.9189881925195, 959.5166530589499], [2980.2818579306036, 705.4284068814104], [2796.2180512929535, 1181.9854453253308], [3039.7320002671736, 697.8681105300601], [2829.3064004223133, 1050.1378432274128], [2944.7740567042056, 762.9556270567006], [2739.3814273708367, 1503.9363020341484], [2743.804845363303, 1472.9458870628312], [2838.9384662677753, 1017.8794288022192], [2888.161220945027, 877.4533269504392], [4040.821605085299, 696.0150107546208], [4137.040898838669, 695.9177195832843], [5170.386862917089, 695.139623931267], [2731.1837984720705, 1564.8644540328307], [2957.265183498851, 741.7698748351189], [3742.6608275533595, 696.3939729005211], [2866.62876887181, 933.7206443335741], [4448.62067782221, 695.6221254394437], [2790.4132734488435, 1208.091401957549], [5713.020976572354, 694.931050674946], [2766.630186625629, 1329.9858712181556], [2847.1183831278236, 991.5754887544409], [2903.697701188332, 844.2879513811624], [2798.498102098824, 1171.7055190064052], [5473.109849349031, 694.9948458158958], [5559.054867486475, 694.972310019485], [3126.142482558073, 697.6195011627962], [2935.225985117785, 780.0940435850173], [2760.2899572737265, 1367.2712429176258], [2984.9723361025212, 698.4809272059188], [4654.666466096319, 695.4599199934826], [3633.8739840639732, 696.5590291977636], [5290.409679592791, 695.0787055159136], [2753.8389383729873, 1406.3094137348594], [2771.2350673233314, 1305.5767987889283], [3213.1551276655077, 697.3961717595639], [2808.5365925917176, 1129.972937477309], [5067.013499468045, 695.1937784496546], [2891.460692806694, 870.3998326557636], [2803.4212710997435, 1150.8117674417783], [2815.4825850711904, 1101.2422395709384], [3520.1495188606486, 696.7556701725398], [4368.535850066812, 695.6914337672007], [2827.5040500139985, 1057.1387635763324], [3354.9633374547943, 697.0705104805998], [2856.0324614152823, 964.1997112579468], [2715.973535597745, 1694.401192353161], [2726.6898534795578, 1602.7744531157973], [4952.426224690348, 695.2643221223365], [2722.6563520905606, 1634.7819787815547], [5362.8206700685705, 695.0438610725588], [2820.2372434852155, 1083.75709226818], [2894.9329270097246, 862.0463103331281], [2915.7936637403263, 817.4998739051384], [2970.02462519919, 721.1207092618521], [4564.9241864311525, 695.5314184203238], [2779.1606729945415, 1263.4103309337688], [2854.2966852388286, 969.9437139618243], [4491.89733379509, 695.5876020208608], [2782.418874853715, 1246.485514544761], [3981.8718194497937, 696.0843786311242], [2719.8463828700174, 1658.631003318188], [3467.1082996332416, 696.8510077436126], [2742.3729710591706, 1482.2721423463156], [4281.401133646591, 695.7701456564407], [3417.4799540026333, 696.9444834988616], [2750.275589385759, 1429.6018406387311], [3161.496293937505, 697.5245269116873], [2746.922570779316, 1451.8337381836716], [3276.6749502020643, 697.2425910866116], [2756.9823842191227, 1387.1479383282463], [5595.928946570412, 694.9600331992544], [3547.523236121767, 696.7024631777799], [2961.884676278869, 734.0884090022039], [2831.260971612483, 1043.9342622931263], [2717.9381521303567, 1677.5483171317494], [2788.2427331401136, 1218.204072977325], [2784.609654411012, 1236.3342255420603], [2735.345423960828, 1533.2883311227179], [3893.4750776367687, 696.1915266430236], [2775.596794926151, 1282.1148229732612], [5203.929368537825, 695.1193655589811], [2860.3907348183047, 950.9642718939137], [2738.3270102459583, 1512.4506879130977], [2729.808217992661, 1575.7677466281204], [2930.80909469302, 788.4433240222648], [2734.1131013160098, 1542.9376425525586], [3823.839852271937, 696.2808676671166], [5679.819962755791, 694.9387080177058], [5441.285557464139, 695.0069136443623], [4813.733026985652, 695.3531283712803], [2845.045881927274, 997.5683210698501], [4853.098481940853, 695.3230498105679], [2907.2840951510707, 835.0568533888226], [2810.3441952607363, 1121.4631939762014], [2885.0043941931167, 885.5382696510961], [2761.886368285395, 1357.1435942714118], [3765.811604300012, 696.3613705110981], [4191.220469911489, 695.8567619183924], [2764.962367300496, 1339.0187103816418], [2983.191029452258, 701.1026543346301], [2873.772284060969, 913.7966201245822], [3056.8019370223033, 697.8167609831828], [5382.1891698440195, 695.0338982539233], [3601.941944937361, 696.6106933273436], [2737.243020459733, 1519.756945721548], [2881.2203630881822, 894.7638737212318], [5318.435187921375, 695.066427436948], [2836.1960533433426, 1026.8071463892024], [3958.2690269998307, 696.1181998578272], [2869.0906264832292, 927.0087892324149], [2876.609578379419, 906.2900007204137], [4164.162348519767, 695.8818715224251], [2972.994515928386, 716.5044711957744], [2821.6055043699303, 1078.1040124978006], [3327.853108845451,